; generated by gen_tex_tables.py, do not edit
NVERT:	equ 168
NFACE:	equ 126
NFRAMES:	equ 128
TEXY:	equ 512
TSTRIDE:	equ 32
TEXBYTES:	equ 28672

model_vertices:
	db 0xba,0xfe,0x39,0x00,0xe6,0xff,0xba,0xfe,0x39,0x00,0x1a,0x00
	db 0xba,0xfe,0x4b,0x00,0xe6,0xff,0xba,0xfe,0x4b,0x00,0x1a,0x00
	db 0x25,0xff,0x39,0x00,0xe6,0xff,0x25,0xff,0x39,0x00,0x1a,0x00
	db 0x25,0xff,0x4b,0x00,0xe6,0xff,0x25,0xff,0x4b,0x00,0x1a,0x00
	db 0xba,0xfe,0xcb,0xff,0xe6,0xff,0xba,0xfe,0xcb,0xff,0x1a,0x00
	db 0xba,0xfe,0x35,0x00,0xe6,0xff,0xba,0xfe,0x35,0x00,0x1a,0x00
	db 0xcd,0xfe,0xcb,0xff,0xe6,0xff,0xcd,0xfe,0xcb,0xff,0x1a,0x00
	db 0xcd,0xfe,0x35,0x00,0xe6,0xff,0xcd,0xfe,0x35,0x00,0x1a,0x00
	db 0xba,0xfe,0xb5,0xff,0xe6,0xff,0xba,0xfe,0xb5,0xff,0x1a,0x00
	db 0xba,0xfe,0xc7,0xff,0xe6,0xff,0xba,0xfe,0xc7,0xff,0x1a,0x00
	db 0x25,0xff,0xb5,0xff,0xe6,0xff,0x25,0xff,0xb5,0xff,0x1a,0x00
	db 0x25,0xff,0xc7,0xff,0xe6,0xff,0x25,0xff,0xc7,0xff,0x1a,0x00
	db 0x12,0xff,0xcb,0xff,0xe6,0xff,0x12,0xff,0xcb,0xff,0x1a,0x00
	db 0x12,0xff,0xf3,0xff,0xe6,0xff,0x12,0xff,0xf3,0xff,0x1a,0x00
	db 0x25,0xff,0xcb,0xff,0xe6,0xff,0x25,0xff,0xcb,0xff,0x1a,0x00
	db 0x25,0xff,0xf3,0xff,0xe6,0xff,0x25,0xff,0xf3,0xff,0x1a,0x00
	db 0xe6,0xfe,0xf7,0xff,0xe6,0xff,0xe6,0xfe,0xf7,0xff,0x1a,0x00
	db 0xe6,0xfe,0x09,0x00,0xe6,0xff,0xe6,0xfe,0x09,0x00,0x1a,0x00
	db 0x25,0xff,0xf7,0xff,0xe6,0xff,0x25,0xff,0xf7,0xff,0x1a,0x00
	db 0x25,0xff,0x09,0x00,0xe6,0xff,0x25,0xff,0x09,0x00,0x1a,0x00
	db 0x42,0xff,0x39,0x00,0xe6,0xff,0x42,0xff,0x39,0x00,0x1a,0x00
	db 0x42,0xff,0x4b,0x00,0xe6,0xff,0x42,0xff,0x4b,0x00,0x1a,0x00
	db 0xad,0xff,0x39,0x00,0xe6,0xff,0xad,0xff,0x39,0x00,0x1a,0x00
	db 0xad,0xff,0x4b,0x00,0xe6,0xff,0xad,0xff,0x4b,0x00,0x1a,0x00
	db 0x42,0xff,0xcb,0xff,0xe6,0xff,0x42,0xff,0xcb,0xff,0x1a,0x00
	db 0x42,0xff,0x35,0x00,0xe6,0xff,0x42,0xff,0x35,0x00,0x1a,0x00
	db 0x55,0xff,0xcb,0xff,0xe6,0xff,0x55,0xff,0xcb,0xff,0x1a,0x00
	db 0x55,0xff,0x35,0x00,0xe6,0xff,0x55,0xff,0x35,0x00,0x1a,0x00
	db 0x42,0xff,0xb5,0xff,0xe6,0xff,0x42,0xff,0xb5,0xff,0x1a,0x00
	db 0x42,0xff,0xc7,0xff,0xe6,0xff,0x42,0xff,0xc7,0xff,0x1a,0x00
	db 0xad,0xff,0xb5,0xff,0xe6,0xff,0xad,0xff,0xb5,0xff,0x1a,0x00
	db 0xad,0xff,0xc7,0xff,0xe6,0xff,0xad,0xff,0xc7,0xff,0x1a,0x00
	db 0x58,0xff,0xf7,0xff,0xe6,0xff,0x58,0xff,0xf7,0xff,0x1a,0x00
	db 0x58,0xff,0x09,0x00,0xe6,0xff,0x58,0xff,0x09,0x00,0x1a,0x00
	db 0x97,0xff,0xf7,0xff,0xe6,0xff,0x97,0xff,0xf7,0xff,0x1a,0x00
	db 0x97,0xff,0x09,0x00,0xe6,0xff,0x97,0xff,0x09,0x00,0x1a,0x00
	db 0xcb,0xff,0x39,0x00,0xe6,0xff,0xcb,0xff,0x39,0x00,0x1a,0x00
	db 0xcb,0xff,0x4b,0x00,0xe6,0xff,0xcb,0xff,0x4b,0x00,0x1a,0x00
	db 0x35,0x00,0x39,0x00,0xe6,0xff,0x35,0x00,0x39,0x00,0x1a,0x00
	db 0x35,0x00,0x4b,0x00,0xe6,0xff,0x35,0x00,0x4b,0x00,0x1a,0x00
	db 0xcb,0xff,0xb5,0xff,0xe6,0xff,0xcb,0xff,0xb5,0xff,0x1a,0x00
	db 0xcb,0xff,0xc7,0xff,0xe6,0xff,0xcb,0xff,0xc7,0xff,0x1a,0x00
	db 0x35,0x00,0xb5,0xff,0xe6,0xff,0x35,0x00,0xb5,0xff,0x1a,0x00
	db 0x35,0x00,0xc7,0xff,0xe6,0xff,0x35,0x00,0xc7,0xff,0x1a,0x00
	db 0xcb,0xff,0xcb,0xff,0xe6,0xff,0xcb,0xff,0xcb,0xff,0x1a,0x00
	db 0xcb,0xff,0x35,0x00,0xe6,0xff,0xcb,0xff,0x35,0x00,0x1a,0x00
	db 0xdd,0xff,0xcb,0xff,0xe6,0xff,0xdd,0xff,0xcb,0xff,0x1a,0x00
	db 0xdd,0xff,0x35,0x00,0xe6,0xff,0xdd,0xff,0x35,0x00,0x1a,0x00
	db 0x23,0x00,0xcb,0xff,0xe6,0xff,0x23,0x00,0xcb,0xff,0x1a,0x00
	db 0x23,0x00,0x35,0x00,0xe6,0xff,0x23,0x00,0x35,0x00,0x1a,0x00
	db 0x35,0x00,0xcb,0xff,0xe6,0xff,0x35,0x00,0xcb,0xff,0x1a,0x00
	db 0x35,0x00,0x35,0x00,0xe6,0xff,0x35,0x00,0x35,0x00,0x1a,0x00
	db 0x53,0x00,0x39,0x00,0xe6,0xff,0x53,0x00,0x39,0x00,0x1a,0x00
	db 0x53,0x00,0x4b,0x00,0xe6,0xff,0x53,0x00,0x4b,0x00,0x1a,0x00
	db 0xbe,0x00,0x39,0x00,0xe6,0xff,0xbe,0x00,0x39,0x00,0x1a,0x00
	db 0xbe,0x00,0x4b,0x00,0xe6,0xff,0xbe,0x00,0x4b,0x00,0x1a,0x00
	db 0x69,0x00,0xf7,0xff,0xe6,0xff,0x69,0x00,0xf7,0xff,0x1a,0x00
	db 0x69,0x00,0x09,0x00,0xe6,0xff,0x69,0x00,0x09,0x00,0x1a,0x00
	db 0xa8,0x00,0xf7,0xff,0xe6,0xff,0xa8,0x00,0xf7,0xff,0x1a,0x00
	db 0xa8,0x00,0x09,0x00,0xe6,0xff,0xa8,0x00,0x09,0x00,0x1a,0x00
	db 0x53,0x00,0xb5,0xff,0xe6,0xff,0x53,0x00,0xb5,0xff,0x1a,0x00
	db 0x53,0x00,0xc7,0xff,0xe6,0xff,0x53,0x00,0xc7,0xff,0x1a,0x00
	db 0xbe,0x00,0xb5,0xff,0xe6,0xff,0xbe,0x00,0xb5,0xff,0x1a,0x00
	db 0xbe,0x00,0xc7,0xff,0xe6,0xff,0xbe,0x00,0xc7,0xff,0x1a,0x00
	db 0xab,0x00,0xcb,0xff,0xe6,0xff,0xab,0x00,0xcb,0xff,0x1a,0x00
	db 0xab,0x00,0x35,0x00,0xe6,0xff,0xab,0x00,0x35,0x00,0x1a,0x00
	db 0xbe,0x00,0xcb,0xff,0xe6,0xff,0xbe,0x00,0xcb,0xff,0x1a,0x00
	db 0xbe,0x00,0x35,0x00,0xe6,0xff,0xbe,0x00,0x35,0x00,0x1a,0x00
	db 0xdb,0x00,0xb5,0xff,0xe6,0xff,0xdb,0x00,0xb5,0xff,0x1a,0x00
	db 0xdb,0x00,0x4b,0x00,0xe6,0xff,0xdb,0x00,0x4b,0x00,0x1a,0x00
	db 0xee,0x00,0xb5,0xff,0xe6,0xff,0xee,0x00,0xb5,0xff,0x1a,0x00
	db 0xee,0x00,0x4b,0x00,0xe6,0xff,0xee,0x00,0x4b,0x00,0x1a,0x00
	db 0xf1,0x00,0x39,0x00,0xe6,0xff,0xf1,0x00,0x39,0x00,0x1a,0x00
	db 0xf1,0x00,0x4b,0x00,0xe6,0xff,0xf1,0x00,0x4b,0x00,0x1a,0x00
	db 0x30,0x01,0x39,0x00,0xe6,0xff,0x30,0x01,0x39,0x00,0x1a,0x00
	db 0x30,0x01,0x4b,0x00,0xe6,0xff,0x30,0x01,0x4b,0x00,0x1a,0x00
	db 0xf1,0x00,0xb5,0xff,0xe6,0xff,0xf1,0x00,0xb5,0xff,0x1a,0x00
	db 0xf1,0x00,0xc7,0xff,0xe6,0xff,0xf1,0x00,0xc7,0xff,0x1a,0x00
	db 0x30,0x01,0xb5,0xff,0xe6,0xff,0x30,0x01,0xb5,0xff,0x1a,0x00
	db 0x30,0x01,0xc7,0xff,0xe6,0xff,0x30,0x01,0xc7,0xff,0x1a,0x00
	db 0x33,0x01,0xcb,0xff,0xe6,0xff,0x33,0x01,0xcb,0xff,0x1a,0x00
	db 0x33,0x01,0x35,0x00,0xe6,0xff,0x33,0x01,0x35,0x00,0x1a,0x00
	db 0x46,0x01,0xcb,0xff,0xe6,0xff,0x46,0x01,0xcb,0xff,0x1a,0x00
	db 0x46,0x01,0x35,0x00,0xe6,0xff,0x46,0x01,0x35,0x00,0x1a,0x00
model_faces:
	db 0x01,0x03,0x02,0x00,0x00,0xc0,0x00,0x00,0x00,0x00,0x08
	db 0x04,0x06,0x07,0x05,0x00,0x40,0x00,0x00,0x00,0x00,0x08
	db 0x00,0x04,0x05,0x01,0x00,0x00,0x00,0xc0,0x00,0x00,0x08
	db 0x03,0x07,0x06,0x02,0x00,0x00,0x00,0x40,0x00,0x00,0x08
	db 0x02,0x06,0x04,0x00,0x00,0x00,0x00,0x00,0x00,0xc0,0x81
	db 0x01,0x05,0x07,0x03,0x00,0x00,0x00,0x00,0x00,0x40,0x81
	db 0x09,0x0b,0x0a,0x08,0x00,0xc0,0x00,0x00,0x00,0x00,0x08
	db 0x0c,0x0e,0x0f,0x0d,0x00,0x40,0x00,0x00,0x00,0x00,0x08
	db 0x08,0x0c,0x0d,0x09,0x00,0x00,0x00,0xc0,0x00,0x00,0x08
	db 0x0b,0x0f,0x0e,0x0a,0x00,0x00,0x00,0x40,0x00,0x00,0x08
	db 0x0a,0x0e,0x0c,0x08,0x00,0x00,0x00,0x00,0x00,0xc0,0x81
	db 0x09,0x0d,0x0f,0x0b,0x00,0x00,0x00,0x00,0x00,0x40,0x81
	db 0x11,0x13,0x12,0x10,0x00,0xc0,0x00,0x00,0x00,0x00,0x08
	db 0x14,0x16,0x17,0x15,0x00,0x40,0x00,0x00,0x00,0x00,0x08
	db 0x10,0x14,0x15,0x11,0x00,0x00,0x00,0xc0,0x00,0x00,0x08
	db 0x13,0x17,0x16,0x12,0x00,0x00,0x00,0x40,0x00,0x00,0x08
	db 0x12,0x16,0x14,0x10,0x00,0x00,0x00,0x00,0x00,0xc0,0x81
	db 0x11,0x15,0x17,0x13,0x00,0x00,0x00,0x00,0x00,0x40,0x81
	db 0x19,0x1b,0x1a,0x18,0x00,0xc0,0x00,0x00,0x00,0x00,0x08
	db 0x1c,0x1e,0x1f,0x1d,0x00,0x40,0x00,0x00,0x00,0x00,0x08
	db 0x18,0x1c,0x1d,0x19,0x00,0x00,0x00,0xc0,0x00,0x00,0x08
	db 0x1b,0x1f,0x1e,0x1a,0x00,0x00,0x00,0x40,0x00,0x00,0x08
	db 0x1a,0x1e,0x1c,0x18,0x00,0x00,0x00,0x00,0x00,0xc0,0x81
	db 0x19,0x1d,0x1f,0x1b,0x00,0x00,0x00,0x00,0x00,0x40,0x81
	db 0x21,0x23,0x22,0x20,0x00,0xc0,0x00,0x00,0x00,0x00,0x08
	db 0x24,0x26,0x27,0x25,0x00,0x40,0x00,0x00,0x00,0x00,0x08
	db 0x20,0x24,0x25,0x21,0x00,0x00,0x00,0xc0,0x00,0x00,0x08
	db 0x23,0x27,0x26,0x22,0x00,0x00,0x00,0x40,0x00,0x00,0x08
	db 0x22,0x26,0x24,0x20,0x00,0x00,0x00,0x00,0x00,0xc0,0x81
	db 0x21,0x25,0x27,0x23,0x00,0x00,0x00,0x00,0x00,0x40,0x81
	db 0x29,0x2b,0x2a,0x28,0x00,0xc0,0x00,0x00,0x00,0x00,0x08
	db 0x2c,0x2e,0x2f,0x2d,0x00,0x40,0x00,0x00,0x00,0x00,0x08
	db 0x28,0x2c,0x2d,0x29,0x00,0x00,0x00,0xc0,0x00,0x00,0x08
	db 0x2b,0x2f,0x2e,0x2a,0x00,0x00,0x00,0x40,0x00,0x00,0x08
	db 0x2a,0x2e,0x2c,0x28,0x00,0x00,0x00,0x00,0x00,0xc0,0x81
	db 0x29,0x2d,0x2f,0x2b,0x00,0x00,0x00,0x00,0x00,0x40,0x81
	db 0x31,0x33,0x32,0x30,0x00,0xc0,0x00,0x00,0x00,0x00,0x08
	db 0x34,0x36,0x37,0x35,0x00,0x40,0x00,0x00,0x00,0x00,0x08
	db 0x30,0x34,0x35,0x31,0x00,0x00,0x00,0xc0,0x00,0x00,0x08
	db 0x33,0x37,0x36,0x32,0x00,0x00,0x00,0x40,0x00,0x00,0x08
	db 0x32,0x36,0x34,0x30,0x00,0x00,0x00,0x00,0x00,0xc0,0x81
	db 0x31,0x35,0x37,0x33,0x00,0x00,0x00,0x00,0x00,0x40,0x81
	db 0x39,0x3b,0x3a,0x38,0x00,0xc0,0x00,0x00,0x00,0x00,0x08
	db 0x3c,0x3e,0x3f,0x3d,0x00,0x40,0x00,0x00,0x00,0x00,0x08
	db 0x38,0x3c,0x3d,0x39,0x00,0x00,0x00,0xc0,0x00,0x00,0x08
	db 0x3b,0x3f,0x3e,0x3a,0x00,0x00,0x00,0x40,0x00,0x00,0x08
	db 0x3a,0x3e,0x3c,0x38,0x00,0x00,0x00,0x00,0x00,0xc0,0x81
	db 0x39,0x3d,0x3f,0x3b,0x00,0x00,0x00,0x00,0x00,0x40,0x81
	db 0x41,0x43,0x42,0x40,0x00,0xc0,0x00,0x00,0x00,0x00,0x08
	db 0x44,0x46,0x47,0x45,0x00,0x40,0x00,0x00,0x00,0x00,0x08
	db 0x40,0x44,0x45,0x41,0x00,0x00,0x00,0xc0,0x00,0x00,0x08
	db 0x43,0x47,0x46,0x42,0x00,0x00,0x00,0x40,0x00,0x00,0x08
	db 0x42,0x46,0x44,0x40,0x00,0x00,0x00,0x00,0x00,0xc0,0x81
	db 0x41,0x45,0x47,0x43,0x00,0x00,0x00,0x00,0x00,0x40,0x81
	db 0x49,0x4b,0x4a,0x48,0x00,0xc0,0x00,0x00,0x00,0x00,0x08
	db 0x4c,0x4e,0x4f,0x4d,0x00,0x40,0x00,0x00,0x00,0x00,0x08
	db 0x48,0x4c,0x4d,0x49,0x00,0x00,0x00,0xc0,0x00,0x00,0x08
	db 0x4b,0x4f,0x4e,0x4a,0x00,0x00,0x00,0x40,0x00,0x00,0x08
	db 0x4a,0x4e,0x4c,0x48,0x00,0x00,0x00,0x00,0x00,0xc0,0x81
	db 0x49,0x4d,0x4f,0x4b,0x00,0x00,0x00,0x00,0x00,0x40,0x81
	db 0x51,0x53,0x52,0x50,0x00,0xc0,0x00,0x00,0x00,0x00,0x08
	db 0x54,0x56,0x57,0x55,0x00,0x40,0x00,0x00,0x00,0x00,0x08
	db 0x50,0x54,0x55,0x51,0x00,0x00,0x00,0xc0,0x00,0x00,0x08
	db 0x53,0x57,0x56,0x52,0x00,0x00,0x00,0x40,0x00,0x00,0x08
	db 0x52,0x56,0x54,0x50,0x00,0x00,0x00,0x00,0x00,0xc0,0x81
	db 0x51,0x55,0x57,0x53,0x00,0x00,0x00,0x00,0x00,0x40,0x81
	db 0x59,0x5b,0x5a,0x58,0x00,0xc0,0x00,0x00,0x00,0x00,0x08
	db 0x5c,0x5e,0x5f,0x5d,0x00,0x40,0x00,0x00,0x00,0x00,0x08
	db 0x58,0x5c,0x5d,0x59,0x00,0x00,0x00,0xc0,0x00,0x00,0x08
	db 0x5b,0x5f,0x5e,0x5a,0x00,0x00,0x00,0x40,0x00,0x00,0x08
	db 0x5a,0x5e,0x5c,0x58,0x00,0x00,0x00,0x00,0x00,0xc0,0x81
	db 0x59,0x5d,0x5f,0x5b,0x00,0x00,0x00,0x00,0x00,0x40,0x81
	db 0x61,0x63,0x62,0x60,0x00,0xc0,0x00,0x00,0x00,0x00,0x08
	db 0x64,0x66,0x67,0x65,0x00,0x40,0x00,0x00,0x00,0x00,0x08
	db 0x60,0x64,0x65,0x61,0x00,0x00,0x00,0xc0,0x00,0x00,0x08
	db 0x63,0x67,0x66,0x62,0x00,0x00,0x00,0x40,0x00,0x00,0x08
	db 0x62,0x66,0x64,0x60,0x00,0x00,0x00,0x00,0x00,0xc0,0x81
	db 0x61,0x65,0x67,0x63,0x00,0x00,0x00,0x00,0x00,0x40,0x81
	db 0x69,0x6b,0x6a,0x68,0x00,0xc0,0x00,0x00,0x00,0x00,0x08
	db 0x6c,0x6e,0x6f,0x6d,0x00,0x40,0x00,0x00,0x00,0x00,0x08
	db 0x68,0x6c,0x6d,0x69,0x00,0x00,0x00,0xc0,0x00,0x00,0x08
	db 0x6b,0x6f,0x6e,0x6a,0x00,0x00,0x00,0x40,0x00,0x00,0x08
	db 0x6a,0x6e,0x6c,0x68,0x00,0x00,0x00,0x00,0x00,0xc0,0x81
	db 0x69,0x6d,0x6f,0x6b,0x00,0x00,0x00,0x00,0x00,0x40,0x81
	db 0x71,0x73,0x72,0x70,0x00,0xc0,0x00,0x00,0x00,0x00,0x08
	db 0x74,0x76,0x77,0x75,0x00,0x40,0x00,0x00,0x00,0x00,0x08
	db 0x70,0x74,0x75,0x71,0x00,0x00,0x00,0xc0,0x00,0x00,0x08
	db 0x73,0x77,0x76,0x72,0x00,0x00,0x00,0x40,0x00,0x00,0x08
	db 0x72,0x76,0x74,0x70,0x00,0x00,0x00,0x00,0x00,0xc0,0x81
	db 0x71,0x75,0x77,0x73,0x00,0x00,0x00,0x00,0x00,0x40,0x81
	db 0x79,0x7b,0x7a,0x78,0x00,0xc0,0x00,0x00,0x00,0x00,0x08
	db 0x7c,0x7e,0x7f,0x7d,0x00,0x40,0x00,0x00,0x00,0x00,0x08
	db 0x78,0x7c,0x7d,0x79,0x00,0x00,0x00,0xc0,0x00,0x00,0x08
	db 0x7b,0x7f,0x7e,0x7a,0x00,0x00,0x00,0x40,0x00,0x00,0x08
	db 0x7a,0x7e,0x7c,0x78,0x00,0x00,0x00,0x00,0x00,0xc0,0x81
	db 0x79,0x7d,0x7f,0x7b,0x00,0x00,0x00,0x00,0x00,0x40,0x81
	db 0x81,0x83,0x82,0x80,0x00,0xc0,0x00,0x00,0x00,0x00,0x08
	db 0x84,0x86,0x87,0x85,0x00,0x40,0x00,0x00,0x00,0x00,0x08
	db 0x80,0x84,0x85,0x81,0x00,0x00,0x00,0xc0,0x00,0x00,0x08
	db 0x83,0x87,0x86,0x82,0x00,0x00,0x00,0x40,0x00,0x00,0x08
	db 0x82,0x86,0x84,0x80,0x00,0x00,0x00,0x00,0x00,0xc0,0x81
	db 0x81,0x85,0x87,0x83,0x00,0x00,0x00,0x00,0x00,0x40,0x81
	db 0x89,0x8b,0x8a,0x88,0x00,0xc0,0x00,0x00,0x00,0x00,0x08
	db 0x8c,0x8e,0x8f,0x8d,0x00,0x40,0x00,0x00,0x00,0x00,0x08
	db 0x88,0x8c,0x8d,0x89,0x00,0x00,0x00,0xc0,0x00,0x00,0x08
	db 0x8b,0x8f,0x8e,0x8a,0x00,0x00,0x00,0x40,0x00,0x00,0x08
	db 0x8a,0x8e,0x8c,0x88,0x00,0x00,0x00,0x00,0x00,0xc0,0x81
	db 0x89,0x8d,0x8f,0x8b,0x00,0x00,0x00,0x00,0x00,0x40,0x81
	db 0x91,0x93,0x92,0x90,0x00,0xc0,0x00,0x00,0x00,0x00,0x08
	db 0x94,0x96,0x97,0x95,0x00,0x40,0x00,0x00,0x00,0x00,0x08
	db 0x90,0x94,0x95,0x91,0x00,0x00,0x00,0xc0,0x00,0x00,0x08
	db 0x93,0x97,0x96,0x92,0x00,0x00,0x00,0x40,0x00,0x00,0x08
	db 0x92,0x96,0x94,0x90,0x00,0x00,0x00,0x00,0x00,0xc0,0x81
	db 0x91,0x95,0x97,0x93,0x00,0x00,0x00,0x00,0x00,0x40,0x81
	db 0x99,0x9b,0x9a,0x98,0x00,0xc0,0x00,0x00,0x00,0x00,0x08
	db 0x9c,0x9e,0x9f,0x9d,0x00,0x40,0x00,0x00,0x00,0x00,0x08
	db 0x98,0x9c,0x9d,0x99,0x00,0x00,0x00,0xc0,0x00,0x00,0x08
	db 0x9b,0x9f,0x9e,0x9a,0x00,0x00,0x00,0x40,0x00,0x00,0x08
	db 0x9a,0x9e,0x9c,0x98,0x00,0x00,0x00,0x00,0x00,0xc0,0x81
	db 0x99,0x9d,0x9f,0x9b,0x00,0x00,0x00,0x00,0x00,0x40,0x81
	db 0xa1,0xa3,0xa2,0xa0,0x00,0xc0,0x00,0x00,0x00,0x00,0x08
	db 0xa4,0xa6,0xa7,0xa5,0x00,0x40,0x00,0x00,0x00,0x00,0x08
	db 0xa0,0xa4,0xa5,0xa1,0x00,0x00,0x00,0xc0,0x00,0x00,0x08
	db 0xa3,0xa7,0xa6,0xa2,0x00,0x00,0x00,0x40,0x00,0x00,0x08
	db 0xa2,0xa6,0xa4,0xa0,0x00,0x00,0x00,0x00,0x00,0xc0,0x81
	db 0xa1,0xa5,0xa7,0xa3,0x00,0x00,0x00,0x00,0x00,0x40,0x81
model_uv:
	db 0x00,0x00,0x00,0x00,0x00,0x00,0x00,0x00,0x00,0x00,0x00,0x00,0x00,0x00,0x00,0x00
	db 0x00,0x00,0x00,0x00,0x00,0x00,0x00,0x00,0x00,0x00,0x00,0x00,0x00,0x00,0x00,0x00
	db 0x00,0x00,0x2a,0x00,0x2a,0x04,0x00,0x04,0x00,0x04,0x2a,0x04,0x2a,0x00,0x00,0x00
	db 0x00,0x00,0x00,0x00,0x00,0x00,0x00,0x00,0x00,0x00,0x00,0x00,0x00,0x00,0x00,0x00
	db 0x00,0x00,0x00,0x00,0x00,0x00,0x00,0x00,0x00,0x00,0x00,0x00,0x00,0x00,0x00,0x00
	db 0x00,0x05,0x07,0x05,0x07,0x1a,0x00,0x1a,0x00,0x1a,0x07,0x1a,0x07,0x05,0x00,0x05
	db 0x00,0x00,0x00,0x00,0x00,0x00,0x00,0x00,0x00,0x00,0x00,0x00,0x00,0x00,0x00,0x00
	db 0x00,0x00,0x00,0x00,0x00,0x00,0x00,0x00,0x00,0x00,0x00,0x00,0x00,0x00,0x00,0x00
	db 0x00,0x1b,0x2a,0x1b,0x2a,0x1f,0x00,0x1f,0x00,0x1f,0x2a,0x1f,0x2a,0x1b,0x00,0x1b
	db 0x00,0x00,0x00,0x00,0x00,0x00,0x00,0x00,0x00,0x00,0x00,0x00,0x00,0x00,0x00,0x00
	db 0x00,0x00,0x00,0x00,0x00,0x00,0x00,0x00,0x00,0x00,0x00,0x00,0x00,0x00,0x00,0x00
	db 0x22,0x12,0x2a,0x12,0x2a,0x1a,0x22,0x1a,0x22,0x1a,0x2a,0x1a,0x2a,0x12,0x22,0x12
	db 0x00,0x00,0x00,0x00,0x00,0x00,0x00,0x00,0x00,0x00,0x00,0x00,0x00,0x00,0x00,0x00
	db 0x00,0x00,0x00,0x00,0x00,0x00,0x00,0x00,0x00,0x00,0x00,0x00,0x00,0x00,0x00,0x00
	db 0x11,0x0e,0x2a,0x0e,0x2a,0x11,0x11,0x11,0x11,0x11,0x2a,0x11,0x2a,0x0e,0x11,0x0e
	db 0x00,0x00,0x00,0x00,0x00,0x00,0x00,0x00,0x00,0x00,0x00,0x00,0x00,0x00,0x00,0x00
	db 0x00,0x00,0x00,0x00,0x00,0x00,0x00,0x00,0x00,0x00,0x00,0x00,0x00,0x00,0x00,0x00
	db 0x35,0x00,0x5f,0x00,0x5f,0x04,0x35,0x04,0x35,0x04,0x5f,0x04,0x5f,0x00,0x35,0x00
	db 0x00,0x00,0x00,0x00,0x00,0x00,0x00,0x00,0x00,0x00,0x00,0x00,0x00,0x00,0x00,0x00
	db 0x00,0x00,0x00,0x00,0x00,0x00,0x00,0x00,0x00,0x00,0x00,0x00,0x00,0x00,0x00,0x00
	db 0x35,0x05,0x3d,0x05,0x3d,0x1a,0x35,0x1a,0x35,0x1a,0x3d,0x1a,0x3d,0x05,0x35,0x05
	db 0x00,0x00,0x00,0x00,0x00,0x00,0x00,0x00,0x00,0x00,0x00,0x00,0x00,0x00,0x00,0x00
	db 0x00,0x00,0x00,0x00,0x00,0x00,0x00,0x00,0x00,0x00,0x00,0x00,0x00,0x00,0x00,0x00
	db 0x35,0x1b,0x5f,0x1b,0x5f,0x1f,0x35,0x1f,0x35,0x1f,0x5f,0x1f,0x5f,0x1b,0x35,0x1b
	db 0x00,0x00,0x00,0x00,0x00,0x00,0x00,0x00,0x00,0x00,0x00,0x00,0x00,0x00,0x00,0x00
	db 0x00,0x00,0x00,0x00,0x00,0x00,0x00,0x00,0x00,0x00,0x00,0x00,0x00,0x00,0x00,0x00
	db 0x3e,0x0e,0x56,0x0e,0x56,0x11,0x3e,0x11,0x3e,0x11,0x56,0x11,0x56,0x0e,0x3e,0x0e
	db 0x00,0x00,0x00,0x00,0x00,0x00,0x00,0x00,0x00,0x00,0x00,0x00,0x00,0x00,0x00,0x00
	db 0x00,0x00,0x00,0x00,0x00,0x00,0x00,0x00,0x00,0x00,0x00,0x00,0x00,0x00,0x00,0x00
	db 0x6b,0x00,0x94,0x00,0x94,0x04,0x6b,0x04,0x6b,0x04,0x94,0x04,0x94,0x00,0x6b,0x00
	db 0x00,0x00,0x00,0x00,0x00,0x00,0x00,0x00,0x00,0x00,0x00,0x00,0x00,0x00,0x00,0x00
	db 0x00,0x00,0x00,0x00,0x00,0x00,0x00,0x00,0x00,0x00,0x00,0x00,0x00,0x00,0x00,0x00
	db 0x6b,0x1b,0x94,0x1b,0x94,0x1f,0x6b,0x1f,0x6b,0x1f,0x94,0x1f,0x94,0x1b,0x6b,0x1b
	db 0x00,0x00,0x00,0x00,0x00,0x00,0x00,0x00,0x00,0x00,0x00,0x00,0x00,0x00,0x00,0x00
	db 0x00,0x00,0x00,0x00,0x00,0x00,0x00,0x00,0x00,0x00,0x00,0x00,0x00,0x00,0x00,0x00
	db 0x6b,0x05,0x72,0x05,0x72,0x1a,0x6b,0x1a,0x6b,0x1a,0x72,0x1a,0x72,0x05,0x6b,0x05
	db 0x00,0x00,0x00,0x00,0x00,0x00,0x00,0x00,0x00,0x00,0x00,0x00,0x00,0x00,0x00,0x00
	db 0x00,0x00,0x00,0x00,0x00,0x00,0x00,0x00,0x00,0x00,0x00,0x00,0x00,0x00,0x00,0x00
	db 0x8d,0x05,0x94,0x05,0x94,0x1a,0x8d,0x1a,0x8d,0x1a,0x94,0x1a,0x94,0x05,0x8d,0x05
	db 0x00,0x00,0x00,0x00,0x00,0x00,0x00,0x00,0x00,0x00,0x00,0x00,0x00,0x00,0x00,0x00
	db 0x00,0x00,0x00,0x00,0x00,0x00,0x00,0x00,0x00,0x00,0x00,0x00,0x00,0x00,0x00,0x00
	db 0xa0,0x00,0xca,0x00,0xca,0x04,0xa0,0x04,0xa0,0x04,0xca,0x04,0xca,0x00,0xa0,0x00
	db 0x00,0x00,0x00,0x00,0x00,0x00,0x00,0x00,0x00,0x00,0x00,0x00,0x00,0x00,0x00,0x00
	db 0x00,0x00,0x00,0x00,0x00,0x00,0x00,0x00,0x00,0x00,0x00,0x00,0x00,0x00,0x00,0x00
	db 0xa9,0x0e,0xc1,0x0e,0xc1,0x11,0xa9,0x11,0xa9,0x11,0xc1,0x11,0xc1,0x0e,0xa9,0x0e
	db 0x00,0x00,0x00,0x00,0x00,0x00,0x00,0x00,0x00,0x00,0x00,0x00,0x00,0x00,0x00,0x00
	db 0x00,0x00,0x00,0x00,0x00,0x00,0x00,0x00,0x00,0x00,0x00,0x00,0x00,0x00,0x00,0x00
	db 0xa0,0x1b,0xca,0x1b,0xca,0x1f,0xa0,0x1f,0xa0,0x1f,0xca,0x1f,0xca,0x1b,0xa0,0x1b
	db 0x00,0x00,0x00,0x00,0x00,0x00,0x00,0x00,0x00,0x00,0x00,0x00,0x00,0x00,0x00,0x00
	db 0x00,0x00,0x00,0x00,0x00,0x00,0x00,0x00,0x00,0x00,0x00,0x00,0x00,0x00,0x00,0x00
	db 0xc2,0x05,0xca,0x05,0xca,0x1a,0xc2,0x1a,0xc2,0x1a,0xca,0x1a,0xca,0x05,0xc2,0x05
	db 0x00,0x00,0x00,0x00,0x00,0x00,0x00,0x00,0x00,0x00,0x00,0x00,0x00,0x00,0x00,0x00
	db 0x00,0x00,0x00,0x00,0x00,0x00,0x00,0x00,0x00,0x00,0x00,0x00,0x00,0x00,0x00,0x00
	db 0xd5,0x00,0xdd,0x00,0xdd,0x1f,0xd5,0x1f,0xd5,0x1f,0xdd,0x1f,0xdd,0x00,0xd5,0x00
	db 0x00,0x00,0x00,0x00,0x00,0x00,0x00,0x00,0x00,0x00,0x00,0x00,0x00,0x00,0x00,0x00
	db 0x00,0x00,0x00,0x00,0x00,0x00,0x00,0x00,0x00,0x00,0x00,0x00,0x00,0x00,0x00,0x00
	db 0xde,0x00,0xf6,0x00,0xf6,0x04,0xde,0x04,0xde,0x04,0xf6,0x04,0xf6,0x00,0xde,0x00
	db 0x00,0x00,0x00,0x00,0x00,0x00,0x00,0x00,0x00,0x00,0x00,0x00,0x00,0x00,0x00,0x00
	db 0x00,0x00,0x00,0x00,0x00,0x00,0x00,0x00,0x00,0x00,0x00,0x00,0x00,0x00,0x00,0x00
	db 0xde,0x1b,0xf6,0x1b,0xf6,0x1f,0xde,0x1f,0xde,0x1f,0xf6,0x1f,0xf6,0x1b,0xde,0x1b
	db 0x00,0x00,0x00,0x00,0x00,0x00,0x00,0x00,0x00,0x00,0x00,0x00,0x00,0x00,0x00,0x00
	db 0x00,0x00,0x00,0x00,0x00,0x00,0x00,0x00,0x00,0x00,0x00,0x00,0x00,0x00,0x00,0x00
	db 0xf8,0x05,0xff,0x05,0xff,0x1a,0xf8,0x1a,0xf8,0x1a,0xff,0x1a,0xff,0x05,0xf8,0x05
light_words:
	db 0x21,0xe3,0x4a,0x23,0x16,0xd3
palette:
	db 0x00,0x00,0x20,0x01,0x30,0x02,0x41,0x03,0x41,0x03,0x51,0x04,0x61,0x04,0x71,0x05
	db 0x02,0x01,0x03,0x02,0x14,0x03,0x14,0x03,0x15,0x04,0x16,0x04,0x17,0x05,0x77,0x07
matrix_table:
	db 0x00,0x40,0x00,0x00,0x00,0x00,0x00,0x00,0xa1,0x39,0x2a,0xe4,0x00,0x00,0xd6,0x1b,0xa1,0x39,0x00,0x00,0x00,0x00,0x34,0x03
	db 0xec,0x3f,0x00,0x00,0x24,0x03,0x68,0x01,0x36,0x39,0x5a,0xe3,0x31,0xfd,0xaf,0x1c,0x25,0x39,0x00,0x00,0x00,0x00,0x34,0x03
	db 0xb1,0x3f,0x00,0x00,0x46,0x06,0xe5,0x02,0xc9,0x38,0x9f,0xe2,0x6f,0xfa,0x85,0x1d,0x83,0x38,0x00,0x00,0x00,0x00,0x34,0x03
	db 0x4f,0x3f,0x00,0x00,0x64,0x09,0x74,0x04,0x59,0x38,0xfb,0xe1,0xbb,0xf7,0x59,0x1e,0xbd,0x37,0x00,0x00,0x00,0x00,0x34,0x03
	db 0xc5,0x3e,0x00,0x00,0x7c,0x0c,0x14,0x06,0xe7,0x37,0x70,0xe1,0x18,0xf5,0x29,0x1f,0xd4,0x36,0x00,0x00,0x00,0x00,0x34,0x03
	db 0x15,0x3e,0x00,0x00,0x8d,0x0f,0xc4,0x07,0x73,0x37,0xff,0xe0,0x87,0xf2,0xf6,0x1f,0xc9,0x35,0x00,0x00,0x00,0x00,0x34,0x03
	db 0x3f,0x3d,0x00,0x00,0x94,0x12,0x81,0x09,0xfd,0x36,0xaa,0xe0,0x0a,0xf0,0xbf,0x20,0x9f,0x34,0x00,0x00,0x00,0x00,0x34,0x03
	db 0x42,0x3c,0x00,0x00,0x90,0x15,0x4a,0x0b,0x87,0x36,0x73,0xe0,0xa1,0xed,0x83,0x21,0x57,0x33,0x00,0x00,0x00,0x00,0x34,0x03
	db 0x21,0x3b,0x00,0x00,0x7e,0x18,0x1c,0x0d,0x0f,0x36,0x5a,0xe0,0x50,0xeb,0x42,0x22,0xf2,0x31,0x00,0x00,0x00,0x00,0x34,0x03
	db 0xdb,0x39,0x00,0x00,0x5d,0x1b,0xf5,0x0e,0x98,0x35,0x61,0xe0,0x16,0xe9,0xfb,0x22,0x73,0x30,0x00,0x00,0x00,0x00,0x34,0x03
	db 0x71,0x38,0x00,0x00,0x2b,0x1e,0xd2,0x10,0x21,0x35,0x88,0xe0,0xf4,0xe6,0xaf,0x23,0xdb,0x2e,0x00,0x00,0x00,0x00,0x34,0x03
	db 0xe5,0x36,0x00,0x00,0xe7,0x20,0xb1,0x12,0xab,0x34,0xd0,0xe0,0xec,0xe4,0x5c,0x24,0x2d,0x2d,0x00,0x00,0x00,0x00,0x34,0x03
	db 0x37,0x35,0x00,0x00,0x8e,0x23,0x90,0x14,0x36,0x34,0x3a,0xe1,0xfe,0xe2,0x03,0x25,0x6a,0x2b,0x00,0x00,0x00,0x00,0x34,0x03
	db 0x68,0x33,0x00,0x00,0x20,0x26,0x6c,0x16,0xc3,0x33,0xc5,0xe1,0x2a,0xe1,0xa3,0x25,0x93,0x29,0x00,0x00,0x00,0x00,0x34,0x03
	db 0x79,0x31,0x00,0x00,0x9a,0x28,0x42,0x18,0x52,0x33,0x71,0xe2,0x71,0xdf,0x3d,0x26,0xac,0x27,0x00,0x00,0x00,0x00,0x34,0x03
	db 0x6c,0x2f,0x00,0x00,0xfb,0x2a,0x10,0x1a,0xe4,0x32,0x3f,0xe3,0xd3,0xdd,0xcf,0x26,0xb5,0x25,0x00,0x00,0x00,0x00,0x34,0x03
	db 0x41,0x2d,0x00,0x00,0x41,0x2d,0xd3,0x1b,0x7a,0x32,0x2d,0xe4,0x4f,0xdc,0x59,0x27,0xb1,0x23,0x00,0x00,0x00,0x00,0x34,0x03
	db 0xfb,0x2a,0x00,0x00,0x6c,0x2f,0x88,0x1d,0x13,0x32,0x3c,0xe5,0xe6,0xda,0xdc,0x27,0xa1,0x21,0x00,0x00,0x00,0x00,0x34,0x03
	db 0x9a,0x28,0x00,0x00,0x79,0x31,0x2e,0x1f,0xb0,0x31,0x69,0xe6,0x97,0xd9,0x56,0x28,0x86,0x1f,0x00,0x00,0x00,0x00,0x34,0x03
	db 0x20,0x26,0x00,0x00,0x68,0x33,0xc2,0x20,0x52,0x31,0xb4,0xe7,0x63,0xd8,0xc9,0x28,0x61,0x1d,0x00,0x00,0x00,0x00,0x34,0x03
	db 0x8e,0x23,0x00,0x00,0x37,0x35,0x42,0x22,0xf9,0x30,0x1c,0xe9,0x48,0xd7,0x34,0x29,0x35,0x1b,0x00,0x00,0x00,0x00,0x34,0x03
	db 0xe7,0x20,0x00,0x00,0xe5,0x36,0xac,0x23,0xa6,0x30,0x9f,0xea,0x46,0xd6,0x96,0x29,0x02,0x19,0x00,0x00,0x00,0x00,0x34,0x03
	db 0x2b,0x1e,0x00,0x00,0x71,0x38,0xfd,0x24,0x58,0x30,0x3b,0xec,0x5d,0xd5,0xf0,0x29,0xca,0x16,0x00,0x00,0x00,0x00,0x34,0x03
	db 0x5d,0x1b,0x00,0x00,0xdb,0x39,0x33,0x26,0x11,0x30,0xef,0xed,0x8d,0xd4,0x42,0x2a,0x8d,0x14,0x00,0x00,0x00,0x00,0x34,0x03
	db 0x7e,0x18,0x00,0x00,0x21,0x3b,0x4e,0x27,0xd0,0x2f,0xb8,0xef,0xd4,0xd3,0x8b,0x2a,0x4c,0x12,0x00,0x00,0x00,0x00,0x34,0x03
	db 0x90,0x15,0x00,0x00,0x42,0x3c,0x4c,0x28,0x96,0x2f,0x95,0xf1,0x32,0xd3,0xcc,0x2a,0x08,0x10,0x00,0x00,0x00,0x00,0x34,0x03
	db 0x94,0x12,0x00,0x00,0x3f,0x3d,0x2a,0x29,0x63,0x2f,0x83,0xf3,0xa7,0xd2,0x04,0x2b,0xc2,0x0d,0x00,0x00,0x00,0x00,0x34,0x03
	db 0x8d,0x0f,0x00,0x00,0x15,0x3e,0xe8,0x29,0x38,0x2f,0x81,0xf5,0x32,0xd2,0x34,0x2b,0x79,0x0b,0x00,0x00,0x00,0x00,0x34,0x03
	db 0x7c,0x0c,0x00,0x00,0xc5,0x3e,0x85,0x2a,0x14,0x2f,0x8b,0xf7,0xd3,0xd1,0x5b,0x2b,0x2f,0x09,0x00,0x00,0x00,0x00,0x34,0x03
	db 0x64,0x09,0x00,0x00,0x4f,0x3f,0x01,0x2b,0xf8,0x2e,0x9f,0xf9,0x8a,0xd1,0x79,0x2b,0xe4,0x06,0x00,0x00,0x00,0x00,0x34,0x03
	db 0x46,0x06,0x00,0x00,0xb1,0x3f,0x59,0x2b,0xe4,0x2e,0xbb,0xfb,0x56,0xd1,0x8f,0x2b,0x99,0x04,0x00,0x00,0x00,0x00,0x34,0x03
	db 0x24,0x03,0x00,0x00,0xec,0x3f,0x8e,0x2b,0xd8,0x2e,0xdc,0xfd,0x36,0xd1,0x9c,0x2b,0x4c,0x02,0x00,0x00,0x00,0x00,0x34,0x03
	db 0x00,0x00,0x00,0x00,0x00,0x40,0xa0,0x2b,0xd4,0x2e,0x00,0x00,0x2c,0xd1,0xa0,0x2b,0x00,0x00,0x00,0x00,0x00,0x00,0x34,0x03
	db 0xdc,0xfc,0x00,0x00,0xec,0x3f,0x8e,0x2b,0xd8,0x2e,0x24,0x02,0x36,0xd1,0x9c,0x2b,0xb4,0xfd,0x00,0x00,0x00,0x00,0x34,0x03
	db 0xba,0xf9,0x00,0x00,0xb1,0x3f,0x59,0x2b,0xe4,0x2e,0x45,0x04,0x56,0xd1,0x8f,0x2b,0x67,0xfb,0x00,0x00,0x00,0x00,0x34,0x03
	db 0x9c,0xf6,0x00,0x00,0x4f,0x3f,0x01,0x2b,0xf8,0x2e,0x61,0x06,0x8a,0xd1,0x79,0x2b,0x1c,0xf9,0x00,0x00,0x00,0x00,0x34,0x03
	db 0x84,0xf3,0x00,0x00,0xc5,0x3e,0x85,0x2a,0x14,0x2f,0x75,0x08,0xd3,0xd1,0x5b,0x2b,0xd1,0xf6,0x00,0x00,0x00,0x00,0x34,0x03
	db 0x73,0xf0,0x00,0x00,0x15,0x3e,0xe8,0x29,0x38,0x2f,0x7f,0x0a,0x32,0xd2,0x34,0x2b,0x87,0xf4,0x00,0x00,0x00,0x00,0x34,0x03
	db 0x6c,0xed,0x00,0x00,0x3f,0x3d,0x2a,0x29,0x63,0x2f,0x7d,0x0c,0xa7,0xd2,0x04,0x2b,0x3e,0xf2,0x00,0x00,0x00,0x00,0x34,0x03
	db 0x70,0xea,0x00,0x00,0x42,0x3c,0x4c,0x28,0x96,0x2f,0x6b,0x0e,0x32,0xd3,0xcc,0x2a,0xf8,0xef,0x00,0x00,0x00,0x00,0x34,0x03
	db 0x82,0xe7,0x00,0x00,0x21,0x3b,0x4e,0x27,0xd0,0x2f,0x48,0x10,0xd4,0xd3,0x8b,0x2a,0xb4,0xed,0x00,0x00,0x00,0x00,0x34,0x03
	db 0xa3,0xe4,0x00,0x00,0xdb,0x39,0x33,0x26,0x11,0x30,0x11,0x12,0x8d,0xd4,0x42,0x2a,0x73,0xeb,0x00,0x00,0x00,0x00,0x34,0x03
	db 0xd5,0xe1,0x00,0x00,0x71,0x38,0xfd,0x24,0x58,0x30,0xc5,0x13,0x5d,0xd5,0xf0,0x29,0x36,0xe9,0x00,0x00,0x00,0x00,0x34,0x03
	db 0x19,0xdf,0x00,0x00,0xe5,0x36,0xac,0x23,0xa6,0x30,0x61,0x15,0x46,0xd6,0x96,0x29,0xfe,0xe6,0x00,0x00,0x00,0x00,0x34,0x03
	db 0x72,0xdc,0x00,0x00,0x37,0x35,0x42,0x22,0xf9,0x30,0xe4,0x16,0x48,0xd7,0x34,0x29,0xcb,0xe4,0x00,0x00,0x00,0x00,0x34,0x03
	db 0xe0,0xd9,0x00,0x00,0x68,0x33,0xc2,0x20,0x52,0x31,0x4c,0x18,0x63,0xd8,0xc9,0x28,0x9f,0xe2,0x00,0x00,0x00,0x00,0x34,0x03
	db 0x66,0xd7,0x00,0x00,0x79,0x31,0x2e,0x1f,0xb0,0x31,0x97,0x19,0x97,0xd9,0x56,0x28,0x7a,0xe0,0x00,0x00,0x00,0x00,0x34,0x03
	db 0x05,0xd5,0x00,0x00,0x6c,0x2f,0x88,0x1d,0x13,0x32,0xc4,0x1a,0xe6,0xda,0xdc,0x27,0x5f,0xde,0x00,0x00,0x00,0x00,0x34,0x03
	db 0xbf,0xd2,0x00,0x00,0x41,0x2d,0xd3,0x1b,0x7a,0x32,0xd3,0x1b,0x4f,0xdc,0x59,0x27,0x4f,0xdc,0x00,0x00,0x00,0x00,0x34,0x03
	db 0x94,0xd0,0x00,0x00,0xfb,0x2a,0x10,0x1a,0xe4,0x32,0xc1,0x1c,0xd3,0xdd,0xcf,0x26,0x4b,0xda,0x00,0x00,0x00,0x00,0x34,0x03
	db 0x87,0xce,0x00,0x00,0x9a,0x28,0x42,0x18,0x52,0x33,0x8f,0x1d,0x71,0xdf,0x3d,0x26,0x54,0xd8,0x00,0x00,0x00,0x00,0x34,0x03
	db 0x98,0xcc,0x00,0x00,0x20,0x26,0x6c,0x16,0xc3,0x33,0x3b,0x1e,0x2a,0xe1,0xa3,0x25,0x6d,0xd6,0x00,0x00,0x00,0x00,0x34,0x03
	db 0xc9,0xca,0x00,0x00,0x8e,0x23,0x90,0x14,0x36,0x34,0xc6,0x1e,0xfe,0xe2,0x03,0x25,0x96,0xd4,0x00,0x00,0x00,0x00,0x34,0x03
	db 0x1b,0xc9,0x00,0x00,0xe7,0x20,0xb1,0x12,0xab,0x34,0x30,0x1f,0xec,0xe4,0x5c,0x24,0xd3,0xd2,0x00,0x00,0x00,0x00,0x34,0x03
	db 0x8f,0xc7,0x00,0x00,0x2b,0x1e,0xd2,0x10,0x21,0x35,0x78,0x1f,0xf4,0xe6,0xaf,0x23,0x25,0xd1,0x00,0x00,0x00,0x00,0x34,0x03
	db 0x25,0xc6,0x00,0x00,0x5d,0x1b,0xf5,0x0e,0x98,0x35,0x9f,0x1f,0x16,0xe9,0xfb,0x22,0x8d,0xcf,0x00,0x00,0x00,0x00,0x34,0x03
	db 0xdf,0xc4,0x00,0x00,0x7e,0x18,0x1c,0x0d,0x0f,0x36,0xa6,0x1f,0x50,0xeb,0x42,0x22,0x0e,0xce,0x00,0x00,0x00,0x00,0x34,0x03
	db 0xbe,0xc3,0x00,0x00,0x90,0x15,0x4a,0x0b,0x87,0x36,0x8d,0x1f,0xa1,0xed,0x83,0x21,0xa9,0xcc,0x00,0x00,0x00,0x00,0x34,0x03
	db 0xc1,0xc2,0x00,0x00,0x94,0x12,0x81,0x09,0xfd,0x36,0x56,0x1f,0x0a,0xf0,0xbf,0x20,0x61,0xcb,0x00,0x00,0x00,0x00,0x34,0x03
	db 0xeb,0xc1,0x00,0x00,0x8d,0x0f,0xc4,0x07,0x73,0x37,0x01,0x1f,0x87,0xf2,0xf6,0x1f,0x37,0xca,0x00,0x00,0x00,0x00,0x34,0x03
	db 0x3b,0xc1,0x00,0x00,0x7c,0x0c,0x14,0x06,0xe7,0x37,0x90,0x1e,0x18,0xf5,0x29,0x1f,0x2c,0xc9,0x00,0x00,0x00,0x00,0x34,0x03
	db 0xb1,0xc0,0x00,0x00,0x64,0x09,0x74,0x04,0x59,0x38,0x05,0x1e,0xbb,0xf7,0x59,0x1e,0x43,0xc8,0x00,0x00,0x00,0x00,0x34,0x03
	db 0x4f,0xc0,0x00,0x00,0x46,0x06,0xe5,0x02,0xc9,0x38,0x61,0x1d,0x6f,0xfa,0x85,0x1d,0x7d,0xc7,0x00,0x00,0x00,0x00,0x34,0x03
	db 0x14,0xc0,0x00,0x00,0x24,0x03,0x68,0x01,0x36,0x39,0xa6,0x1c,0x31,0xfd,0xaf,0x1c,0xdb,0xc6,0x00,0x00,0x00,0x00,0x34,0x03
	db 0x00,0xc0,0x00,0x00,0x00,0x00,0x00,0x00,0xa1,0x39,0xd6,0x1b,0x00,0x00,0xd6,0x1b,0x5f,0xc6,0x00,0x00,0x00,0x00,0x34,0x03
	db 0x14,0xc0,0x00,0x00,0xdc,0xfc,0xad,0xfe,0x08,0x3a,0xf4,0x1a,0xd9,0x02,0xfd,0x1a,0x0a,0xc6,0x00,0x00,0x00,0x00,0x34,0x03
	db 0x4f,0xc0,0x00,0x00,0xba,0xf9,0x70,0xfd,0x6c,0x3a,0x01,0x1a,0xba,0x05,0x22,0x1a,0xdc,0xc5,0x00,0x00,0x00,0x00,0x34,0x03
	db 0xb1,0xc0,0x00,0x00,0x9c,0xf6,0x4b,0xfc,0xcc,0x3a,0x00,0x19,0xa1,0x08,0x46,0x19,0xd7,0xc5,0x00,0x00,0x00,0x00,0x34,0x03
	db 0x3b,0xc1,0x00,0x00,0x84,0xf3,0x3c,0xfb,0x29,0x3b,0xf3,0x17,0x8b,0x0b,0x6b,0x18,0xfa,0xc5,0x00,0x00,0x00,0x00,0x34,0x03
	db 0xeb,0xc1,0x00,0x00,0x73,0xf0,0x46,0xfa,0x81,0x3b,0xdc,0x16,0x75,0x0e,0x91,0x17,0x48,0xc6,0x00,0x00,0x00,0x00,0x34,0x03
	db 0xc1,0xc2,0x00,0x00,0x6c,0xed,0x68,0xf9,0xd5,0x3b,0xbe,0x15,0x5e,0x11,0xb8,0x16,0xbf,0xc6,0x00,0x00,0x00,0x00,0x34,0x03
	db 0xbe,0xc3,0x00,0x00,0x70,0xea,0xa1,0xf8,0x25,0x3c,0x9a,0x14,0x43,0x14,0xe2,0x15,0x5f,0xc7,0x00,0x00,0x00,0x00,0x34,0x03
	db 0xdf,0xc4,0x00,0x00,0x82,0xe7,0xf2,0xf7,0x70,0x3c,0x73,0x13,0x21,0x17,0x0e,0x15,0x2a,0xc8,0x00,0x00,0x00,0x00,0x34,0x03
	db 0x25,0xc6,0x00,0x00,0xa3,0xe4,0x59,0xf7,0xb7,0x3c,0x4b,0x12,0xf6,0x19,0x3d,0x14,0x1d,0xc9,0x00,0x00,0x00,0x00,0x34,0x03
	db 0x8f,0xc7,0x00,0x00,0xd5,0xe1,0xd6,0xf6,0xfa,0x3c,0x24,0x11,0xbf,0x1c,0x70,0x13,0x39,0xca,0x00,0x00,0x00,0x00,0x34,0x03
	db 0x1b,0xc9,0x00,0x00,0x19,0xdf,0x69,0xf6,0x39,0x3d,0x00,0x10,0x79,0x1f,0xa8,0x12,0x7d,0xcb,0x00,0x00,0x00,0x00,0x34,0x03
	db 0xc9,0xca,0x00,0x00,0x72,0xdc,0x0f,0xf6,0x73,0x3d,0xe0,0x0e,0x24,0x22,0xe4,0x11,0xe8,0xcc,0x00,0x00,0x00,0x00,0x34,0x03
	db 0x98,0xcc,0x00,0x00,0xe0,0xd9,0xc9,0xf5,0xa9,0x3d,0xc6,0x0d,0xbb,0x24,0x26,0x11,0x7a,0xce,0x00,0x00,0x00,0x00,0x34,0x03
	db 0x87,0xce,0x00,0x00,0x66,0xd7,0x93,0xf5,0xdb,0x3d,0xb4,0x0c,0x3d,0x27,0x6f,0x10,0x30,0xd0,0x00,0x00,0x00,0x00,0x34,0x03
	db 0x94,0xd0,0x00,0x00,0x05,0xd5,0x6e,0xf5,0x09,0x3e,0xaa,0x0b,0xa9,0x29,0xbe,0x0f,0x09,0xd2,0x00,0x00,0x00,0x00,0x34,0x03
	db 0xbf,0xd2,0x00,0x00,0xbf,0xd2,0x56,0xf5,0x33,0x3e,0xaa,0x0a,0xfb,0x2b,0x15,0x0f,0x05,0xd4,0x00,0x00,0x00,0x00,0x34,0x03
	db 0x05,0xd5,0x00,0x00,0x94,0xd0,0x4b,0xf5,0x59,0x3e,0xb4,0x09,0x32,0x2e,0x73,0x0e,0x21,0xd6,0x00,0x00,0x00,0x00,0x34,0x03
	db 0x66,0xd7,0x00,0x00,0x87,0xce,0x4c,0xf5,0x7c,0x3e,0xc9,0x08,0x4d,0x30,0xd9,0x0d,0x5c,0xd8,0x00,0x00,0x00,0x00,0x34,0x03
	db 0xe0,0xd9,0x00,0x00,0x98,0xcc,0x55,0xf5,0x9b,0x3e,0xe9,0x07,0x49,0x32,0x48,0x0d,0xb5,0xda,0x00,0x00,0x00,0x00,0x34,0x03
	db 0x72,0xdc,0x00,0x00,0xc9,0xca,0x66,0xf5,0xb8,0x3e,0x15,0x07,0x26,0x34,0xc0,0x0c,0x28,0xdd,0x00,0x00,0x00,0x00,0x34,0x03
	db 0x19,0xdf,0x00,0x00,0x1b,0xc9,0x7d,0xf5,0xd1,0x3e,0x4d,0x06,0xe1,0x35,0x41,0x0c,0xb5,0xdf,0x00,0x00,0x00,0x00,0x34,0x03
	db 0xd5,0xe1,0x00,0x00,0x8f,0xc7,0x98,0xf5,0xe7,0x3e,0x90,0x05,0x7a,0x37,0xcd,0x0b,0x59,0xe2,0x00,0x00,0x00,0x00,0x34,0x03
	db 0xa3,0xe4,0x00,0x00,0x25,0xc6,0xb6,0xf5,0xfb,0x3e,0xde,0x04,0xef,0x38,0x62,0x0b,0x13,0xe5,0x00,0x00,0x00,0x00,0x34,0x03
	db 0x82,0xe7,0x00,0x00,0xdf,0xc4,0xd5,0xf5,0x0c,0x3f,0x36,0x04,0x3f,0x3a,0x02,0x0b,0xe0,0xe7,0x00,0x00,0x00,0x00,0x34,0x03
	db 0x70,0xea,0x00,0x00,0xbe,0xc3,0xf4,0xf5,0x1b,0x3f,0x98,0x03,0x6a,0x3b,0xac,0x0a,0xbe,0xea,0x00,0x00,0x00,0x00,0x34,0x03
	db 0x6c,0xed,0x00,0x00,0xc1,0xc2,0x11,0xf6,0x27,0x3f,0x03,0x03,0x6f,0x3c,0x61,0x0a,0xab,0xed,0x00,0x00,0x00,0x00,0x34,0x03
	db 0x73,0xf0,0x00,0x00,0xeb,0xc1,0x2c,0xf6,0x31,0x3f,0x76,0x02,0x4d,0x3d,0x22,0x0a,0xa5,0xf0,0x00,0x00,0x00,0x00,0x34,0x03
	db 0x84,0xf3,0x00,0x00,0x3b,0xc1,0x43,0xf6,0x3a,0x3f,0xf0,0x01,0x03,0x3e,0xee,0x09,0xaa,0xf3,0x00,0x00,0x00,0x00,0x34,0x03
	db 0x9c,0xf6,0x00,0x00,0xb1,0xc0,0x56,0xf6,0x40,0x3f,0x6f,0x01,0x91,0x3e,0xc5,0x09,0xb8,0xf6,0x00,0x00,0x00,0x00,0x34,0x03
	db 0xba,0xf9,0x00,0x00,0x4f,0xc0,0x64,0xf6,0x44,0x3f,0xf2,0x00,0xf6,0x3e,0xa8,0x09,0xcc,0xf9,0x00,0x00,0x00,0x00,0x34,0x03
	db 0xdc,0xfc,0x00,0x00,0x14,0xc0,0x6d,0xf6,0x47,0x3f,0x78,0x00,0x34,0x3f,0x96,0x09,0xe5,0xfc,0x00,0x00,0x00,0x00,0x34,0x03
	db 0x00,0x00,0x00,0x00,0x00,0xc0,0x70,0xf6,0x48,0x3f,0x00,0x00,0x48,0x3f,0x90,0x09,0x00,0x00,0x00,0x00,0x00,0x00,0x34,0x03
	db 0x24,0x03,0x00,0x00,0x14,0xc0,0x6d,0xf6,0x47,0x3f,0x88,0xff,0x34,0x3f,0x96,0x09,0x1b,0x03,0x00,0x00,0x00,0x00,0x34,0x03
	db 0x46,0x06,0x00,0x00,0x4f,0xc0,0x64,0xf6,0x44,0x3f,0x0e,0xff,0xf6,0x3e,0xa8,0x09,0x34,0x06,0x00,0x00,0x00,0x00,0x34,0x03
	db 0x64,0x09,0x00,0x00,0xb1,0xc0,0x56,0xf6,0x40,0x3f,0x91,0xfe,0x91,0x3e,0xc5,0x09,0x48,0x09,0x00,0x00,0x00,0x00,0x34,0x03
	db 0x7c,0x0c,0x00,0x00,0x3b,0xc1,0x43,0xf6,0x3a,0x3f,0x10,0xfe,0x03,0x3e,0xee,0x09,0x56,0x0c,0x00,0x00,0x00,0x00,0x34,0x03
	db 0x8d,0x0f,0x00,0x00,0xeb,0xc1,0x2c,0xf6,0x31,0x3f,0x8a,0xfd,0x4d,0x3d,0x22,0x0a,0x5b,0x0f,0x00,0x00,0x00,0x00,0x34,0x03
	db 0x94,0x12,0x00,0x00,0xc1,0xc2,0x11,0xf6,0x27,0x3f,0xfd,0xfc,0x6f,0x3c,0x61,0x0a,0x55,0x12,0x00,0x00,0x00,0x00,0x34,0x03
	db 0x90,0x15,0x00,0x00,0xbe,0xc3,0xf4,0xf5,0x1b,0x3f,0x68,0xfc,0x6a,0x3b,0xac,0x0a,0x42,0x15,0x00,0x00,0x00,0x00,0x34,0x03
	db 0x7e,0x18,0x00,0x00,0xdf,0xc4,0xd5,0xf5,0x0c,0x3f,0xca,0xfb,0x3f,0x3a,0x02,0x0b,0x20,0x18,0x00,0x00,0x00,0x00,0x34,0x03
	db 0x5d,0x1b,0x00,0x00,0x25,0xc6,0xb6,0xf5,0xfb,0x3e,0x22,0xfb,0xef,0x38,0x62,0x0b,0xed,0x1a,0x00,0x00,0x00,0x00,0x34,0x03
	db 0x2b,0x1e,0x00,0x00,0x8f,0xc7,0x98,0xf5,0xe7,0x3e,0x70,0xfa,0x7a,0x37,0xcd,0x0b,0xa7,0x1d,0x00,0x00,0x00,0x00,0x34,0x03
	db 0xe7,0x20,0x00,0x00,0x1b,0xc9,0x7d,0xf5,0xd1,0x3e,0xb3,0xf9,0xe1,0x35,0x41,0x0c,0x4b,0x20,0x00,0x00,0x00,0x00,0x34,0x03
	db 0x8e,0x23,0x00,0x00,0xc9,0xca,0x66,0xf5,0xb8,0x3e,0xeb,0xf8,0x26,0x34,0xc0,0x0c,0xd8,0x22,0x00,0x00,0x00,0x00,0x34,0x03
	db 0x20,0x26,0x00,0x00,0x98,0xcc,0x55,0xf5,0x9b,0x3e,0x17,0xf8,0x49,0x32,0x48,0x0d,0x4b,0x25,0x00,0x00,0x00,0x00,0x34,0x03
	db 0x9a,0x28,0x00,0x00,0x87,0xce,0x4c,0xf5,0x7c,0x3e,0x37,0xf7,0x4d,0x30,0xd9,0x0d,0xa4,0x27,0x00,0x00,0x00,0x00,0x34,0x03
	db 0xfb,0x2a,0x00,0x00,0x94,0xd0,0x4b,0xf5,0x59,0x3e,0x4c,0xf6,0x32,0x2e,0x73,0x0e,0xdf,0x29,0x00,0x00,0x00,0x00,0x34,0x03
	db 0x41,0x2d,0x00,0x00,0xbf,0xd2,0x56,0xf5,0x33,0x3e,0x56,0xf5,0xfb,0x2b,0x15,0x0f,0xfb,0x2b,0x00,0x00,0x00,0x00,0x34,0x03
	db 0x6c,0x2f,0x00,0x00,0x05,0xd5,0x6e,0xf5,0x09,0x3e,0x56,0xf4,0xa9,0x29,0xbe,0x0f,0xf7,0x2d,0x00,0x00,0x00,0x00,0x34,0x03
	db 0x79,0x31,0x00,0x00,0x66,0xd7,0x93,0xf5,0xdb,0x3d,0x4c,0xf3,0x3d,0x27,0x6f,0x10,0xd0,0x2f,0x00,0x00,0x00,0x00,0x34,0x03
	db 0x68,0x33,0x00,0x00,0xe0,0xd9,0xc9,0xf5,0xa9,0x3d,0x3a,0xf2,0xbb,0x24,0x26,0x11,0x86,0x31,0x00,0x00,0x00,0x00,0x34,0x03
	db 0x37,0x35,0x00,0x00,0x72,0xdc,0x0f,0xf6,0x73,0x3d,0x20,0xf1,0x24,0x22,0xe4,0x11,0x18,0x33,0x00,0x00,0x00,0x00,0x34,0x03
	db 0xe5,0x36,0x00,0x00,0x19,0xdf,0x69,0xf6,0x39,0x3d,0x00,0xf0,0x79,0x1f,0xa8,0x12,0x83,0x34,0x00,0x00,0x00,0x00,0x34,0x03
	db 0x71,0x38,0x00,0x00,0xd5,0xe1,0xd6,0xf6,0xfa,0x3c,0xdc,0xee,0xbf,0x1c,0x70,0x13,0xc7,0x35,0x00,0x00,0x00,0x00,0x34,0x03
	db 0xdb,0x39,0x00,0x00,0xa3,0xe4,0x59,0xf7,0xb7,0x3c,0xb5,0xed,0xf6,0x19,0x3d,0x14,0xe3,0x36,0x00,0x00,0x00,0x00,0x34,0x03
	db 0x21,0x3b,0x00,0x00,0x82,0xe7,0xf2,0xf7,0x70,0x3c,0x8d,0xec,0x21,0x17,0x0e,0x15,0xd6,0x37,0x00,0x00,0x00,0x00,0x34,0x03
	db 0x42,0x3c,0x00,0x00,0x70,0xea,0xa1,0xf8,0x25,0x3c,0x66,0xeb,0x43,0x14,0xe2,0x15,0xa1,0x38,0x00,0x00,0x00,0x00,0x34,0x03
	db 0x3f,0x3d,0x00,0x00,0x6c,0xed,0x68,0xf9,0xd5,0x3b,0x42,0xea,0x5e,0x11,0xb8,0x16,0x41,0x39,0x00,0x00,0x00,0x00,0x34,0x03
	db 0x15,0x3e,0x00,0x00,0x73,0xf0,0x46,0xfa,0x81,0x3b,0x24,0xe9,0x75,0x0e,0x91,0x17,0xb8,0x39,0x00,0x00,0x00,0x00,0x34,0x03
	db 0xc5,0x3e,0x00,0x00,0x84,0xf3,0x3c,0xfb,0x29,0x3b,0x0d,0xe8,0x8b,0x0b,0x6b,0x18,0x06,0x3a,0x00,0x00,0x00,0x00,0x34,0x03
	db 0x4f,0x3f,0x00,0x00,0x9c,0xf6,0x4b,0xfc,0xcc,0x3a,0x00,0xe7,0xa1,0x08,0x46,0x19,0x29,0x3a,0x00,0x00,0x00,0x00,0x34,0x03
	db 0xb1,0x3f,0x00,0x00,0xba,0xf9,0x70,0xfd,0x6c,0x3a,0xff,0xe5,0xba,0x05,0x22,0x1a,0x24,0x3a,0x00,0x00,0x00,0x00,0x34,0x03
	db 0xec,0x3f,0x00,0x00,0xdc,0xfc,0xad,0xfe,0x08,0x3a,0x0c,0xe5,0xd9,0x02,0xfd,0x1a,0xf6,0x39,0x00,0x00,0x00,0x00,0x34,0x03
texture:
	db 0x11,0x11,0x11,0x11,0x11,0x11,0x88,0x88,0x88,0x88,0x88,0x88,0x11,0x11,0x11,0x11,0x11,0x11,0x88,0x88,0x88,0x88,0x88,0x88,0x11,0x11,0x11,0x11,0x11,0x11,0x88,0x88
	db 0x88,0x88,0x88,0x88,0x11,0x11,0x11,0x11,0x11,0x11,0x88,0x88,0x88,0x88,0x88,0x88,0x11,0x11,0x11,0x11,0x11,0x11,0x88,0x88,0x88,0x88,0x88,0x88,0x11,0x11,0x11,0x11
	db 0x11,0x11,0x88,0x88,0x88,0x88,0x88,0x88,0x11,0x11,0x11,0x11,0x11,0x11,0x88,0x88,0x88,0x88,0x88,0x88,0x11,0x11,0x11,0x11,0x11,0x11,0x88,0x88,0x88,0x88,0x88,0x88
	db 0x11,0x11,0x11,0x11,0x11,0x11,0x88,0x88,0x88,0x88,0x88,0x88,0x11,0x11,0x11,0x11,0x11,0x11,0x88,0x88,0x88,0x88,0x88,0x88,0x11,0x11,0x11,0x11,0x11,0x11,0x88,0x88
	db 0x11,0x11,0x11,0x11,0x11,0x18,0x88,0x88,0x88,0x88,0x88,0x81,0x11,0x11,0x11,0x11,0x11,0x18,0x88,0x88,0x88,0x88,0x88,0x81,0x11,0x11,0x11,0x11,0x11,0x18,0x88,0x88
	db 0x88,0x88,0x88,0x81,0x11,0x11,0x11,0x11,0x11,0x18,0x88,0x88,0x88,0x88,0x88,0x81,0x11,0x11,0x11,0x11,0x11,0x18,0x88,0x88,0x88,0x88,0x88,0x81,0x11,0x11,0x11,0x11
	db 0x11,0x18,0x88,0x88,0x88,0x88,0x88,0x81,0x11,0x11,0x11,0x11,0x11,0x18,0x88,0x88,0x88,0x88,0x88,0x81,0x11,0x11,0x11,0x11,0x11,0x18,0x88,0x88,0x88,0x88,0x88,0x81
	db 0x11,0x11,0x11,0x11,0x11,0x18,0x88,0x88,0x88,0x88,0x88,0x81,0x11,0x11,0x11,0x11,0x11,0x18,0x88,0x88,0x88,0x88,0x88,0x81,0x11,0x11,0x11,0x11,0x11,0x18,0x88,0x88
	db 0x11,0x11,0x11,0x11,0x11,0x88,0x88,0x88,0x88,0x88,0x88,0x11,0x11,0x11,0x11,0x11,0x11,0x88,0x88,0x88,0x88,0x88,0x88,0x11,0x11,0x11,0x11,0x11,0x11,0x88,0x88,0x88
	db 0x88,0x88,0x88,0x11,0x11,0x11,0x11,0x11,0x11,0x88,0x88,0x88,0x88,0x88,0x88,0x11,0x11,0x11,0x11,0x11,0x11,0x88,0x88,0x88,0x88,0x88,0x88,0x11,0x11,0x11,0x11,0x11
	db 0x11,0x88,0x88,0x88,0x88,0x88,0x88,0x11,0x11,0x11,0x11,0x11,0x11,0x88,0x88,0x88,0x88,0x88,0x88,0x11,0x11,0x11,0x11,0x11,0x11,0x88,0x88,0x88,0x88,0x88,0x88,0x11
	db 0x11,0x11,0x11,0x11,0x11,0x88,0x88,0x88,0x88,0x88,0x88,0x11,0x11,0x11,0x11,0x11,0x11,0x88,0x88,0x88,0x88,0x88,0x88,0x11,0x11,0x11,0x11,0x11,0x11,0x88,0x88,0x88
	db 0x11,0x11,0x11,0x11,0x18,0x88,0x88,0x88,0x88,0x88,0x81,0x11,0x11,0x11,0x11,0x11,0x18,0x88,0x88,0x88,0x88,0x88,0x81,0x11,0x11,0x11,0x11,0x11,0x18,0x88,0x88,0x88
	db 0x88,0x88,0x81,0x11,0x11,0x11,0x11,0x11,0x18,0x88,0x88,0x88,0x88,0x88,0x81,0x11,0x11,0x11,0x11,0x11,0x18,0x88,0x88,0x88,0x88,0x88,0x81,0x11,0x11,0x11,0x11,0x11
	db 0x18,0x88,0x88,0x88,0x88,0x88,0x81,0x11,0x11,0x11,0x11,0x11,0x18,0x88,0x88,0x88,0x88,0x88,0x81,0x11,0x11,0x11,0x11,0x11,0x18,0x88,0x88,0x88,0x88,0x88,0x81,0x11
	db 0x11,0x11,0x11,0x11,0x18,0x88,0x88,0x88,0x88,0x88,0x81,0x11,0x11,0x11,0x11,0x11,0x18,0x88,0x88,0x88,0x88,0x88,0x81,0x11,0x11,0x11,0x11,0x11,0x18,0x88,0x88,0x88
	db 0x11,0x11,0x11,0x11,0x88,0x88,0x88,0x88,0x88,0x88,0x11,0x11,0x11,0x11,0x11,0x11,0x88,0x88,0x88,0x88,0x88,0x88,0x11,0x11,0x11,0x11,0x11,0x11,0x88,0x88,0x88,0x88
	db 0x88,0x88,0x11,0x11,0x11,0x11,0x11,0x11,0x88,0x88,0x88,0x88,0x88,0x88,0x11,0x11,0x11,0x11,0x11,0x11,0x88,0x88,0x88,0x88,0x88,0x88,0x11,0x11,0x11,0x11,0x11,0x11
	db 0x88,0x88,0x88,0x88,0x88,0x88,0x11,0x11,0x11,0x11,0x11,0x11,0x88,0x88,0x88,0x88,0x88,0x88,0x11,0x11,0x11,0x11,0x11,0x11,0x88,0x88,0x88,0x88,0x88,0x88,0x11,0x11
	db 0x11,0x11,0x11,0x11,0x88,0x88,0x88,0x88,0x88,0x88,0x11,0x11,0x11,0x11,0x11,0x11,0x88,0x88,0x88,0x88,0x88,0x88,0x11,0x11,0x11,0x11,0x11,0x11,0x88,0x88,0x88,0x88
	db 0x11,0x11,0x11,0x18,0x88,0x88,0x88,0x88,0x88,0x81,0x11,0x11,0x11,0x11,0x11,0x18,0x88,0x88,0x88,0x88,0x88,0x81,0x11,0x11,0x11,0x11,0x11,0x18,0x88,0x88,0x88,0x88
	db 0x88,0x81,0x11,0x11,0x11,0x11,0x11,0x18,0x88,0x88,0x88,0x88,0x88,0x81,0x11,0x11,0x11,0x11,0x11,0x18,0x88,0x88,0x88,0x88,0x88,0x81,0x11,0x11,0x11,0x11,0x11,0x18
	db 0x88,0x88,0x88,0x88,0x88,0x81,0x11,0x11,0x11,0x11,0x11,0x18,0x88,0x88,0x88,0x88,0x88,0x81,0x11,0x11,0x11,0x11,0x11,0x18,0x88,0x88,0x88,0x88,0x88,0x81,0x11,0x11
	db 0x11,0x11,0x11,0x18,0x88,0x88,0x88,0x88,0x88,0x81,0x11,0x11,0x11,0x11,0x11,0x18,0x88,0x88,0x88,0x88,0x88,0x81,0x11,0x11,0x11,0x11,0x11,0x18,0x88,0x88,0x88,0x88
	db 0x11,0x11,0x11,0x88,0x88,0x88,0x88,0x88,0x88,0x11,0x11,0x11,0x11,0x11,0x11,0x88,0x88,0x88,0x88,0x88,0x88,0x11,0x11,0x11,0x11,0x11,0x11,0x88,0x88,0x88,0x88,0x88
	db 0x88,0x11,0x11,0x11,0x11,0x11,0x11,0x88,0x88,0x88,0x88,0x88,0x88,0x11,0x11,0x11,0x11,0x11,0x11,0x88,0x88,0x88,0x88,0x88,0x88,0x11,0x11,0x11,0x11,0x11,0x11,0x88
	db 0x88,0x88,0x88,0x88,0x88,0x11,0x11,0x11,0x11,0x11,0x11,0x88,0x88,0x88,0x88,0x88,0x88,0x11,0x11,0x11,0x11,0x11,0x11,0x88,0x88,0x88,0x88,0x88,0x88,0x11,0x11,0x11
	db 0x11,0x11,0x11,0x88,0x88,0x88,0x88,0x88,0x88,0x11,0x11,0x11,0x11,0x11,0x11,0x88,0x88,0x88,0x88,0x88,0x88,0x11,0x11,0x11,0x11,0x11,0x11,0x88,0x88,0x88,0x88,0x88
	db 0x11,0x11,0x18,0x81,0x18,0x88,0x88,0x88,0x81,0x11,0x11,0x18,0x81,0x11,0x18,0x88,0x88,0x88,0x88,0x81,0x11,0x11,0x11,0x11,0x11,0x11,0x18,0x81,0x18,0x88,0x88,0x88
	db 0x81,0x11,0x11,0x18,0x81,0x11,0x18,0x88,0x88,0x88,0x88,0x81,0x11,0x11,0x11,0x11,0x11,0x11,0x18,0x81,0x18,0x88,0x88,0x88,0x81,0x11,0x11,0x18,0x81,0x11,0x18,0x88
	db 0x88,0x88,0x88,0x81,0x11,0x11,0x11,0x11,0x11,0x11,0x18,0x81,0x18,0x88,0x88,0x88,0x81,0x11,0x11,0x18,0x81,0x11,0x18,0x88,0x88,0x88,0x88,0x81,0x11,0x11,0x11,0x11
	db 0x11,0x11,0x18,0x81,0x18,0x88,0x88,0x88,0x81,0x11,0x11,0x18,0x81,0x11,0x18,0x88,0x88,0x88,0x88,0x81,0x11,0x11,0x11,0x11,0x11,0x11,0x18,0x81,0x18,0x88,0x88,0x88
	db 0x11,0x11,0x88,0x81,0x18,0x88,0x88,0x88,0x11,0x11,0x11,0x18,0x81,0x11,0x88,0x88,0x88,0x88,0x88,0x81,0x81,0x11,0x11,0x11,0x11,0x11,0x88,0x81,0x18,0x88,0x88,0x88
	db 0x11,0x11,0x11,0x18,0x81,0x11,0x88,0x88,0x88,0x88,0x88,0x81,0x81,0x11,0x11,0x11,0x11,0x11,0x88,0x81,0x18,0x88,0x88,0x88,0x11,0x11,0x11,0x18,0x81,0x11,0x88,0x88
	db 0x88,0x88,0x88,0x81,0x81,0x11,0x11,0x11,0x11,0x11,0x88,0x81,0x18,0x88,0x88,0x88,0x11,0x11,0x11,0x18,0x81,0x11,0x88,0x88,0x88,0x88,0x88,0x81,0x81,0x11,0x11,0x11
	db 0x11,0x11,0x88,0x81,0x18,0x88,0x88,0x88,0x11,0x11,0x11,0x18,0x81,0x11,0x88,0x88,0x88,0x88,0x88,0x81,0x81,0x11,0x11,0x11,0x11,0x11,0x88,0x81,0x18,0x88,0x88,0x88
	db 0x11,0x18,0x88,0x88,0x88,0x88,0x88,0x81,0x11,0x11,0x11,0x11,0x11,0x18,0x88,0x88,0x88,0x88,0x88,0x81,0x11,0x11,0x11,0x11,0x11,0x18,0x88,0x88,0x88,0x88,0x88,0x81
	db 0x11,0x11,0x11,0x11,0x11,0x18,0x88,0x88,0x88,0x88,0x88,0x81,0x11,0x11,0x11,0x11,0x11,0x18,0x88,0x88,0x88,0x88,0x88,0x81,0x11,0x11,0x11,0x11,0x11,0x18,0x88,0x88
	db 0x88,0x88,0x88,0x81,0x11,0x11,0x11,0x11,0x11,0x18,0x88,0x88,0x88,0x88,0x88,0x81,0x11,0x11,0x11,0x11,0x11,0x18,0x88,0x88,0x88,0x88,0x88,0x81,0x11,0x11,0x11,0x11
	db 0x11,0x18,0x88,0x88,0x88,0x88,0x88,0x81,0x11,0x11,0x11,0x11,0x11,0x18,0x88,0x88,0x88,0x88,0x88,0x81,0x11,0x11,0x11,0x11,0x11,0x18,0x88,0x88,0x88,0x88,0x88,0x81
	db 0x11,0x88,0x88,0x88,0x88,0x88,0x88,0x11,0x11,0x11,0x11,0x11,0x11,0x88,0x88,0x88,0x88,0x88,0x88,0x11,0x11,0x11,0x11,0x11,0x11,0x88,0x88,0x88,0x88,0x88,0x88,0x11
	db 0x11,0x11,0x11,0x11,0x11,0x88,0x88,0x88,0x88,0x88,0x88,0x11,0x11,0x11,0x11,0x11,0x11,0x88,0x88,0x88,0x88,0x88,0x88,0x11,0x11,0x11,0x11,0x11,0x11,0x88,0x88,0x88
	db 0x88,0x88,0x88,0x11,0x11,0x11,0x11,0x11,0x11,0x88,0x88,0x88,0x88,0x88,0x88,0x11,0x11,0x11,0x11,0x11,0x11,0x88,0x88,0x88,0x88,0x88,0x88,0x11,0x11,0x11,0x11,0x11
	db 0x11,0x88,0x88,0x88,0x88,0x88,0x88,0x11,0x11,0x11,0x11,0x11,0x11,0x88,0x88,0x88,0x88,0x88,0x88,0x11,0x11,0x11,0x11,0x11,0x11,0x88,0x88,0x88,0x88,0x88,0x88,0x11
	db 0x18,0x88,0x88,0x88,0x88,0x88,0x81,0x11,0x11,0x11,0x11,0x11,0x18,0x88,0x88,0x88,0x88,0x88,0x81,0x11,0x11,0x11,0x11,0x11,0x18,0x88,0x88,0x88,0x88,0x88,0x81,0x11
	db 0x11,0x11,0x11,0x11,0x18,0x88,0x88,0x88,0x88,0x88,0x81,0x11,0x11,0x11,0x11,0x11,0x18,0x88,0x88,0x88,0x88,0x88,0x81,0x11,0x11,0x11,0x11,0x11,0x18,0x88,0x88,0x88
	db 0x88,0x88,0x81,0x11,0x11,0x11,0x11,0x11,0x18,0x88,0x88,0x88,0x88,0x88,0x81,0x11,0x11,0x11,0x11,0x11,0x18,0x88,0x88,0x88,0x88,0x88,0x81,0x11,0x11,0x11,0x11,0x11
	db 0x18,0x88,0x88,0x88,0x88,0x88,0x81,0x11,0x11,0x11,0x11,0x11,0x18,0x88,0x88,0x88,0x88,0x88,0x81,0x11,0x11,0x11,0x11,0x11,0x18,0x88,0x88,0x88,0x88,0x88,0x81,0x11
	db 0x88,0x88,0x88,0x88,0x88,0x88,0x11,0x11,0x11,0x11,0x11,0x11,0x88,0x88,0x88,0x88,0x88,0x88,0x11,0x11,0x11,0x11,0x11,0x11,0x88,0x88,0x88,0x88,0x88,0x88,0x11,0x11
	db 0x11,0x11,0x11,0x11,0x88,0x88,0x88,0x88,0x88,0x88,0x11,0x11,0x11,0x11,0x11,0x11,0x88,0x88,0x88,0x88,0x88,0x88,0x11,0x11,0x11,0x11,0x11,0x11,0x88,0x88,0x88,0x88
	db 0x88,0x88,0x11,0x11,0x11,0x11,0x11,0x11,0x88,0x88,0x88,0x88,0x88,0x88,0x11,0x11,0x11,0x11,0x11,0x11,0x88,0x88,0x88,0x88,0x88,0x88,0x11,0x11,0x11,0x11,0x11,0x11
	db 0x88,0x88,0x88,0x88,0x88,0x88,0x11,0x11,0x11,0x11,0x11,0x11,0x88,0x88,0x88,0x88,0x88,0x88,0x11,0x11,0x11,0x11,0x11,0x11,0x88,0x88,0x88,0x88,0x88,0x88,0x11,0x11
	db 0x88,0x88,0x88,0x88,0x88,0x81,0x11,0x11,0x11,0x11,0x11,0x18,0x88,0x88,0x88,0x88,0x88,0x81,0x11,0x11,0x11,0x11,0x11,0x18,0x88,0x88,0x88,0x88,0x88,0x81,0x11,0x11
	db 0x11,0x11,0x11,0x18,0x88,0x88,0x88,0x88,0x88,0x81,0x11,0x11,0x11,0x11,0x11,0x18,0x88,0x88,0x88,0x88,0x88,0x81,0x11,0x11,0x11,0x11,0x11,0x18,0x88,0x88,0x88,0x88
	db 0x88,0x81,0x11,0x11,0x11,0x11,0x11,0x18,0x88,0x88,0x88,0x88,0x88,0x81,0x11,0x11,0x11,0x11,0x11,0x18,0x88,0x88,0x88,0x88,0x88,0x81,0x11,0x11,0x11,0x11,0x11,0x18
	db 0x88,0x88,0x88,0x88,0x88,0x81,0x11,0x11,0x11,0x11,0x11,0x18,0x88,0x88,0x88,0x88,0x88,0x81,0x11,0x11,0x11,0x11,0x11,0x18,0x88,0x88,0x88,0x88,0x88,0x81,0x11,0x11
	db 0x88,0x88,0x88,0x88,0x88,0x11,0x11,0x11,0x11,0x11,0x11,0x88,0x88,0x88,0x88,0x88,0x88,0x11,0x11,0x11,0x11,0x11,0x11,0x88,0x88,0x88,0x88,0x88,0x88,0x11,0x11,0x11
	db 0x11,0x11,0x11,0x88,0x88,0x88,0x88,0x88,0x88,0x11,0x11,0x11,0x11,0x11,0x11,0x88,0x88,0x88,0x88,0x88,0x88,0x11,0x11,0x11,0x11,0x11,0x11,0x88,0x88,0x88,0x88,0x88
	db 0x88,0x11,0x11,0x11,0x11,0x11,0x11,0x88,0x88,0x88,0x88,0x88,0x88,0x11,0x11,0x11,0x11,0x11,0x11,0x88,0x88,0x88,0x88,0x88,0x88,0x11,0x11,0x11,0x11,0x11,0x11,0x88
	db 0x88,0x88,0x88,0x88,0x88,0x11,0x11,0x11,0x11,0x11,0x11,0x88,0x88,0x88,0x88,0x88,0x88,0x11,0x11,0x11,0x11,0x11,0x11,0x88,0x88,0x88,0x88,0x88,0x88,0x11,0x11,0x11
	db 0x88,0x88,0x88,0x88,0x81,0x11,0x11,0x11,0x11,0x11,0x18,0x88,0x88,0x88,0x88,0x88,0x81,0x11,0x11,0x11,0x11,0x11,0x18,0x88,0x88,0x88,0x88,0x88,0x81,0x11,0x11,0x11
	db 0x11,0x11,0x18,0x88,0x88,0x88,0x88,0x88,0x81,0x11,0x11,0x11,0x11,0x11,0x18,0x88,0x88,0x88,0x88,0x88,0x81,0x11,0x11,0x11,0x11,0x11,0x18,0x88,0x88,0x88,0x88,0x88
	db 0x81,0x11,0x11,0x11,0x11,0x11,0x18,0x88,0x88,0x88,0x88,0x88,0x81,0x11,0x11,0x11,0x11,0x11,0x18,0x88,0x88,0x88,0x88,0x88,0x81,0x11,0x11,0x11,0x11,0x11,0x18,0x88
	db 0x88,0x88,0x88,0x88,0x81,0x11,0x11,0x11,0x11,0x11,0x18,0x88,0x88,0x88,0x88,0x88,0x81,0x11,0x11,0x11,0x11,0x11,0x18,0x88,0x88,0x88,0x88,0x88,0x81,0x11,0x11,0x11
	db 0x88,0x88,0x88,0x88,0x11,0x11,0x11,0x11,0x11,0x11,0x88,0x88,0x88,0x88,0x88,0x88,0x11,0x11,0x11,0x11,0x11,0x11,0x88,0x88,0x88,0x88,0x88,0x88,0x11,0x11,0x11,0x11
	db 0x11,0x11,0x88,0x88,0x88,0x88,0x88,0x88,0x11,0x11,0x11,0x11,0x11,0x11,0x88,0x88,0x88,0x88,0x88,0x88,0x11,0x11,0x11,0x11,0x11,0x11,0x88,0x88,0x88,0x88,0x88,0x88
	db 0x11,0x11,0x11,0x11,0x11,0x11,0x88,0x88,0x88,0x88,0x88,0x88,0x11,0x11,0x11,0x11,0x11,0x11,0x88,0x88,0x88,0x88,0x88,0x88,0x11,0x11,0x11,0x11,0x11,0x11,0x88,0x88
	db 0x88,0x88,0x88,0x88,0x11,0x11,0x11,0x11,0x11,0x11,0x88,0x88,0x88,0x88,0x88,0x88,0x11,0x11,0x11,0x11,0x11,0x11,0x88,0x88,0x88,0x88,0x88,0x88,0x11,0x11,0x11,0x11
	db 0x88,0x88,0x88,0x81,0x11,0x11,0x11,0x11,0x11,0x18,0x88,0x88,0x88,0x88,0x88,0x81,0x11,0x11,0x11,0x11,0x11,0x18,0x88,0x88,0x88,0x88,0x88,0x81,0x11,0x11,0x11,0x11
	db 0x11,0x18,0x88,0x88,0x88,0x88,0x88,0x81,0x11,0x11,0x11,0x11,0x11,0x18,0x88,0x88,0x88,0x88,0x88,0x81,0x11,0x11,0x11,0x11,0x11,0x18,0x88,0x88,0x88,0x88,0x88,0x81
	db 0x11,0x11,0x11,0x11,0x11,0x18,0x88,0x88,0x88,0x88,0x88,0x81,0x11,0x11,0x11,0x11,0x11,0x18,0x88,0x88,0x88,0x88,0x88,0x81,0x11,0x11,0x11,0x11,0x11,0x18,0x88,0x88
	db 0x88,0x88,0x88,0x81,0x11,0x11,0x11,0x11,0x11,0x18,0x88,0x88,0x88,0x88,0x88,0x81,0x11,0x11,0x11,0x11,0x11,0x18,0x88,0x88,0x88,0x88,0x88,0x81,0x11,0x11,0x11,0x11
	db 0x88,0x88,0x88,0x11,0x11,0x11,0x11,0x11,0x11,0x88,0x88,0x88,0x88,0x88,0x88,0x11,0x11,0x11,0x11,0x11,0x11,0x88,0x88,0x88,0x88,0x88,0x88,0x11,0x11,0x11,0x11,0x11
	db 0x11,0x88,0x88,0x88,0x88,0x88,0x88,0x11,0x11,0x11,0x11,0x11,0x11,0x88,0x88,0x88,0x88,0x88,0x88,0x11,0x11,0x11,0x11,0x11,0x11,0x88,0x88,0x88,0x88,0x88,0x88,0x11
	db 0x11,0x11,0x11,0x11,0x11,0x88,0x88,0x88,0x88,0x88,0x88,0x11,0x11,0x11,0x11,0x11,0x11,0x88,0x88,0x88,0x88,0x88,0x88,0x11,0x11,0x11,0x11,0x11,0x11,0x88,0x88,0x88
	db 0x88,0x88,0x88,0x11,0x11,0x11,0x11,0x11,0x11,0x88,0x88,0x88,0x88,0x88,0x88,0x11,0x11,0x11,0x11,0x11,0x11,0x88,0x88,0x88,0x88,0x88,0x88,0x11,0x11,0x11,0x11,0x11
	db 0x88,0x88,0x81,0x11,0x11,0x11,0x11,0x11,0x18,0x88,0x88,0x88,0x88,0x88,0x81,0x11,0x11,0x11,0x11,0x11,0x18,0x88,0x88,0x88,0x88,0x88,0x81,0x11,0x11,0x11,0x11,0x11
	db 0x18,0x88,0x88,0x88,0x88,0x88,0x81,0x11,0x11,0x11,0x11,0x11,0x18,0x88,0x88,0x88,0x88,0x88,0x81,0x11,0x11,0x11,0x11,0x11,0x18,0x88,0x88,0x88,0x88,0x88,0x81,0x11
	db 0x11,0x11,0x11,0x11,0x18,0x88,0x88,0x88,0x88,0x88,0x81,0x11,0x11,0x11,0x11,0x11,0x18,0x88,0x88,0x88,0x88,0x88,0x81,0x11,0x11,0x11,0x11,0x11,0x18,0x88,0x88,0x88
	db 0x88,0x88,0x81,0x11,0x11,0x11,0x11,0x11,0x18,0x88,0x88,0x88,0x88,0x88,0x81,0x11,0x11,0x11,0x11,0x11,0x18,0x88,0x88,0x88,0x88,0x88,0x81,0x11,0x11,0x11,0x11,0x11
	db 0x88,0x88,0x11,0x11,0x11,0x11,0x11,0x11,0x88,0x88,0x88,0x88,0x88,0x88,0x11,0x11,0x11,0x11,0x11,0x11,0x88,0x88,0x88,0x88,0x88,0x88,0x11,0x11,0x11,0x11,0x11,0x11
	db 0x88,0x88,0x88,0x88,0x88,0x88,0x11,0x11,0x11,0x11,0x11,0x11,0x88,0x88,0x88,0x88,0x88,0x88,0x11,0x11,0x11,0x11,0x11,0x11,0x88,0x88,0x88,0x88,0x88,0x88,0x11,0x11
	db 0x11,0x11,0x11,0x11,0x88,0x88,0x88,0x88,0x88,0x88,0x11,0x11,0x11,0x11,0x11,0x11,0x88,0x88,0x88,0x88,0x88,0x88,0x11,0x11,0x11,0x11,0x11,0x11,0x88,0x88,0x88,0x88
	db 0x88,0x88,0x11,0x11,0x11,0x11,0x11,0x11,0x88,0x88,0x88,0x88,0x88,0x88,0x11,0x11,0x11,0x11,0x11,0x11,0x88,0x88,0x88,0x88,0x88,0x88,0x11,0x11,0x11,0x11,0x11,0x11
	db 0x88,0x81,0x11,0x11,0x11,0x11,0x11,0x18,0x88,0x88,0x88,0x88,0x88,0x81,0x11,0x11,0x11,0x11,0x11,0x18,0x88,0x88,0x88,0x88,0x88,0x81,0x11,0x11,0x11,0x11,0x11,0x18
	db 0x88,0x88,0x88,0x88,0x88,0x81,0x11,0x11,0x11,0x11,0x11,0x18,0x88,0x88,0x88,0x88,0x88,0x81,0x11,0x11,0x11,0x11,0x11,0x18,0x88,0x88,0x88,0x88,0x88,0x81,0x11,0x11
	db 0x11,0x11,0x11,0x18,0x88,0x88,0x88,0x88,0x88,0x81,0x11,0x11,0x11,0x11,0x11,0x18,0x88,0x88,0x88,0x88,0x88,0x81,0x11,0x11,0x11,0x11,0x11,0x18,0x88,0x88,0x88,0x88
	db 0x88,0x81,0x11,0x11,0x11,0x11,0x11,0x18,0x88,0x88,0x88,0x88,0x88,0x81,0x11,0x11,0x11,0x11,0x11,0x18,0x88,0x88,0x88,0x88,0x88,0x81,0x11,0x11,0x11,0x11,0x11,0x18
	db 0x88,0x11,0x11,0x11,0x11,0x11,0x11,0x88,0x88,0x88,0x88,0x88,0x88,0x11,0x11,0x11,0x11,0x11,0x11,0x88,0x88,0x88,0x88,0x88,0x88,0x11,0x11,0x11,0x11,0x11,0x11,0x88
	db 0x88,0x88,0x88,0x88,0x88,0x11,0x11,0x11,0x11,0x11,0x11,0x88,0x88,0x88,0x88,0x88,0x88,0x11,0x11,0x11,0x11,0x11,0x11,0x88,0x88,0x88,0x88,0x88,0x88,0x11,0x11,0x11
	db 0x11,0x11,0x11,0x88,0x88,0x88,0x88,0x88,0x88,0x11,0x11,0x11,0x11,0x11,0x11,0x88,0x88,0x88,0x88,0x88,0x88,0x11,0x11,0x11,0x11,0x11,0x11,0x88,0x88,0x88,0x88,0x88
	db 0x88,0x11,0x11,0x11,0x11,0x11,0x11,0x88,0x88,0x88,0x88,0x88,0x88,0x11,0x11,0x11,0x11,0x11,0x11,0x88,0x88,0x88,0x88,0x88,0x88,0x11,0x11,0x11,0x11,0x11,0x11,0x88
	db 0x81,0x11,0x11,0x18,0x81,0x11,0x18,0x88,0x88,0x88,0x88,0x81,0x11,0x11,0x11,0x11,0x11,0x11,0x18,0x81,0x18,0x88,0x88,0x88,0x81,0x11,0x11,0x18,0x81,0x11,0x18,0x88
	db 0x88,0x88,0x88,0x81,0x11,0x11,0x11,0x11,0x11,0x11,0x18,0x81,0x18,0x88,0x88,0x88,0x81,0x11,0x11,0x18,0x81,0x11,0x18,0x88,0x88,0x88,0x88,0x81,0x11,0x11,0x11,0x11
	db 0x11,0x11,0x18,0x81,0x18,0x88,0x88,0x88,0x81,0x11,0x11,0x18,0x81,0x11,0x18,0x88,0x88,0x88,0x88,0x81,0x11,0x11,0x11,0x11,0x11,0x11,0x18,0x81,0x18,0x88,0x88,0x88
	db 0x81,0x11,0x11,0x18,0x81,0x11,0x18,0x88,0x88,0x88,0x88,0x81,0x11,0x11,0x11,0x11,0x11,0x11,0x18,0x81,0x18,0x88,0x88,0x88,0x81,0x11,0x11,0x18,0x81,0x11,0x18,0x88
	db 0x11,0x11,0x11,0x18,0x81,0x11,0x88,0x88,0x88,0x88,0x88,0x81,0x81,0x11,0x11,0x11,0x11,0x11,0x88,0x81,0x18,0x88,0x88,0x88,0x11,0x11,0x11,0x18,0x81,0x11,0x88,0x88
	db 0x88,0x88,0x88,0x81,0x81,0x11,0x11,0x11,0x11,0x11,0x88,0x81,0x18,0x88,0x88,0x88,0x11,0x11,0x11,0x18,0x81,0x11,0x88,0x88,0x88,0x88,0x88,0x81,0x81,0x11,0x11,0x11
	db 0x11,0x11,0x88,0x81,0x18,0x88,0x88,0x88,0x11,0x11,0x11,0x18,0x81,0x11,0x88,0x88,0x88,0x88,0x88,0x81,0x81,0x11,0x11,0x11,0x11,0x11,0x88,0x81,0x18,0x88,0x88,0x88
	db 0x11,0x11,0x11,0x18,0x81,0x11,0x88,0x88,0x88,0x88,0x88,0x81,0x81,0x11,0x11,0x11,0x11,0x11,0x88,0x81,0x18,0x88,0x88,0x88,0x11,0x11,0x11,0x18,0x81,0x11,0x88,0x88
	db 0x11,0x11,0x11,0x11,0x11,0x18,0x88,0x88,0x88,0x88,0x88,0x81,0x11,0x11,0x11,0x11,0x11,0x18,0x88,0x88,0x88,0x88,0x88,0x81,0x11,0x11,0x11,0x11,0x11,0x18,0x88,0x88
	db 0x88,0x88,0x88,0x81,0x11,0x11,0x11,0x11,0x11,0x18,0x88,0x88,0x88,0x88,0x88,0x81,0x11,0x11,0x11,0x11,0x11,0x18,0x88,0x88,0x88,0x88,0x88,0x81,0x11,0x11,0x11,0x11
	db 0x11,0x18,0x88,0x88,0x88,0x88,0x88,0x81,0x11,0x11,0x11,0x11,0x11,0x18,0x88,0x88,0x88,0x88,0x88,0x81,0x11,0x11,0x11,0x11,0x11,0x18,0x88,0x88,0x88,0x88,0x88,0x81
	db 0x11,0x11,0x11,0x11,0x11,0x18,0x88,0x88,0x88,0x88,0x88,0x81,0x11,0x11,0x11,0x11,0x11,0x18,0x88,0x88,0x88,0x88,0x88,0x81,0x11,0x11,0x11,0x11,0x11,0x18,0x88,0x88
	db 0x11,0x11,0x11,0x11,0x11,0x88,0x88,0x88,0x88,0x88,0x88,0x11,0x11,0x11,0x11,0x11,0x11,0x88,0x88,0x88,0x88,0x88,0x88,0x11,0x11,0x11,0x11,0x11,0x11,0x88,0x88,0x88
	db 0x88,0x88,0x88,0x11,0x11,0x11,0x11,0x11,0x11,0x88,0x88,0x88,0x88,0x88,0x88,0x11,0x11,0x11,0x11,0x11,0x11,0x88,0x88,0x88,0x88,0x88,0x88,0x11,0x11,0x11,0x11,0x11
	db 0x11,0x88,0x88,0x88,0x88,0x88,0x88,0x11,0x11,0x11,0x11,0x11,0x11,0x88,0x88,0x88,0x88,0x88,0x88,0x11,0x11,0x11,0x11,0x11,0x11,0x88,0x88,0x88,0x88,0x88,0x88,0x11
	db 0x11,0x11,0x11,0x11,0x11,0x88,0x88,0x88,0x88,0x88,0x88,0x11,0x11,0x11,0x11,0x11,0x11,0x88,0x88,0x88,0x88,0x88,0x88,0x11,0x11,0x11,0x11,0x11,0x11,0x88,0x88,0x88
	db 0x11,0x11,0x11,0x11,0x18,0x88,0x88,0x88,0x88,0x88,0x81,0x11,0x11,0x11,0x11,0x11,0x18,0x88,0x88,0x88,0x88,0x88,0x81,0x11,0x11,0x11,0x11,0x11,0x18,0x88,0x88,0x88
	db 0x88,0x88,0x81,0x11,0x11,0x11,0x11,0x11,0x18,0x88,0x88,0x88,0x88,0x88,0x81,0x11,0x11,0x11,0x11,0x11,0x18,0x88,0x88,0x88,0x88,0x88,0x81,0x11,0x11,0x11,0x11,0x11
	db 0x18,0x88,0x88,0x88,0x88,0x88,0x81,0x11,0x11,0x11,0x11,0x11,0x18,0x88,0x88,0x88,0x88,0x88,0x81,0x11,0x11,0x11,0x11,0x11,0x18,0x88,0x88,0x88,0x88,0x88,0x81,0x11
	db 0x11,0x11,0x11,0x11,0x18,0x88,0x88,0x88,0x88,0x88,0x81,0x11,0x11,0x11,0x11,0x11,0x18,0x88,0x88,0x88,0x88,0x88,0x81,0x11,0x11,0x11,0x11,0x11,0x18,0x88,0x88,0x88
	db 0x11,0x11,0x11,0x11,0x88,0x88,0x88,0x88,0x88,0x88,0x11,0x11,0x11,0x11,0x11,0x11,0x88,0x88,0x88,0x88,0x88,0x88,0x11,0x11,0x11,0x11,0x11,0x11,0x88,0x88,0x88,0x88
	db 0x88,0x88,0x11,0x11,0x11,0x11,0x11,0x11,0x88,0x88,0x88,0x88,0x88,0x88,0x11,0x11,0x11,0x11,0x11,0x11,0x88,0x88,0x88,0x88,0x88,0x88,0x11,0x11,0x11,0x11,0x11,0x11
	db 0x88,0x88,0x88,0x88,0x88,0x88,0x11,0x11,0x11,0x11,0x11,0x11,0x88,0x88,0x88,0x88,0x88,0x88,0x11,0x11,0x11,0x11,0x11,0x11,0x88,0x88,0x88,0x88,0x88,0x88,0x11,0x11
	db 0x11,0x11,0x11,0x11,0x88,0x88,0x88,0x88,0x88,0x88,0x11,0x11,0x11,0x11,0x11,0x11,0x88,0x88,0x88,0x88,0x88,0x88,0x11,0x11,0x11,0x11,0x11,0x11,0x88,0x88,0x88,0x88
	db 0x11,0x11,0x11,0x18,0x88,0x88,0x88,0x88,0x88,0x81,0x11,0x11,0x11,0x11,0x11,0x18,0x88,0x88,0x88,0x88,0x88,0x81,0x11,0x11,0x11,0x11,0x11,0x18,0x88,0x88,0x88,0x88
	db 0x88,0x81,0x11,0x11,0x11,0x11,0x11,0x18,0x88,0x88,0x88,0x88,0x88,0x81,0x11,0x11,0x11,0x11,0x11,0x18,0x88,0x88,0x88,0x88,0x88,0x81,0x11,0x11,0x11,0x11,0x11,0x18
	db 0x88,0x88,0x88,0x88,0x88,0x81,0x11,0x11,0x11,0x11,0x11,0x18,0x88,0x88,0x88,0x88,0x88,0x81,0x11,0x11,0x11,0x11,0x11,0x18,0x88,0x88,0x88,0x88,0x88,0x81,0x11,0x11
	db 0x11,0x11,0x11,0x18,0x88,0x88,0x88,0x88,0x88,0x81,0x11,0x11,0x11,0x11,0x11,0x18,0x88,0x88,0x88,0x88,0x88,0x81,0x11,0x11,0x11,0x11,0x11,0x18,0x88,0x88,0x88,0x88
	db 0x11,0x11,0x11,0x88,0x88,0x88,0x88,0x88,0x88,0x11,0x11,0x11,0x11,0x11,0x11,0x88,0x88,0x88,0x88,0x88,0x88,0x11,0x11,0x11,0x11,0x11,0x11,0x88,0x88,0x88,0x88,0x88
	db 0x88,0x11,0x11,0x11,0x11,0x11,0x11,0x88,0x88,0x88,0x88,0x88,0x88,0x11,0x11,0x11,0x11,0x11,0x11,0x88,0x88,0x88,0x88,0x88,0x88,0x11,0x11,0x11,0x11,0x11,0x11,0x88
	db 0x88,0x88,0x88,0x88,0x88,0x11,0x11,0x11,0x11,0x11,0x11,0x88,0x88,0x88,0x88,0x88,0x88,0x11,0x11,0x11,0x11,0x11,0x11,0x88,0x88,0x88,0x88,0x88,0x88,0x11,0x11,0x11
	db 0x11,0x11,0x11,0x88,0x88,0x88,0x88,0x88,0x88,0x11,0x11,0x11,0x11,0x11,0x11,0x88,0x88,0x88,0x88,0x88,0x88,0x11,0x11,0x11,0x11,0x11,0x11,0x88,0x88,0x88,0x88,0x88
	db 0x11,0x11,0x18,0x88,0x88,0x88,0x88,0x88,0x81,0x11,0x11,0x11,0x11,0x11,0x18,0x88,0x88,0x88,0x88,0x88,0x81,0x11,0x11,0x11,0x11,0x11,0x18,0x88,0x88,0x88,0x88,0x88
	db 0x81,0x11,0x11,0x11,0x11,0x11,0x18,0x88,0x88,0x88,0x88,0x88,0x81,0x11,0x11,0x11,0x11,0x11,0x18,0x88,0x88,0x88,0x88,0x88,0x81,0x11,0x11,0x11,0x11,0x11,0x18,0x88
	db 0x88,0x88,0x88,0x88,0x81,0x11,0x11,0x11,0x11,0x11,0x18,0x88,0x88,0x88,0x88,0x88,0x81,0x11,0x11,0x11,0x11,0x11,0x18,0x88,0x88,0x88,0x88,0x88,0x81,0x11,0x11,0x11
	db 0x11,0x11,0x18,0x88,0x88,0x88,0x88,0x88,0x81,0x11,0x11,0x11,0x11,0x11,0x18,0x88,0x88,0x88,0x88,0x88,0x81,0x11,0x11,0x11,0x11,0x11,0x18,0x88,0x88,0x88,0x88,0x88
	db 0x11,0x11,0x11,0x11,0x11,0x11,0x88,0x88,0x88,0x88,0x88,0x88,0x11,0x11,0x11,0x11,0x11,0x11,0x88,0x88,0x88,0x88,0x88,0x88,0x11,0x11,0x11,0x11,0x11,0x11,0x88,0x88
	db 0x88,0x88,0x88,0x88,0x11,0x11,0x11,0x11,0x11,0x11,0x88,0x88,0x88,0x88,0x88,0x88,0x11,0x11,0x11,0x11,0x11,0x11,0x88,0x88,0x88,0x88,0x88,0x88,0x11,0x11,0x11,0x11
	db 0x11,0x11,0x88,0x88,0x88,0x88,0x88,0x88,0x11,0x11,0x11,0x11,0x11,0x11,0x88,0x88,0x88,0x88,0x88,0x88,0x11,0x11,0x11,0x11,0x11,0x11,0x88,0x88,0x88,0x88,0x88,0x88
	db 0x11,0x11,0x11,0x11,0x11,0x11,0x88,0x88,0x88,0x88,0x88,0x88,0x11,0x11,0x11,0x11,0x11,0x11,0x88,0x88,0x88,0x88,0x88,0x88,0x11,0x11,0x11,0x11,0x11,0x11,0x88,0x88
	db 0x12,0x22,0x22,0x22,0x22,0x29,0x99,0x99,0x89,0x99,0x99,0x92,0x22,0x22,0x22,0x22,0x12,0x29,0x99,0x99,0x99,0x99,0x99,0x92,0x12,0x22,0x22,0x22,0x22,0x29,0x99,0x99
	db 0x89,0x99,0x99,0x92,0x22,0x22,0x22,0x22,0x12,0x29,0x99,0x99,0x99,0x99,0x99,0x92,0x12,0x22,0x22,0x22,0x22,0x29,0x99,0x99,0x89,0x99,0x99,0x92,0x22,0x22,0x22,0x22
	db 0x12,0x29,0x99,0x99,0x99,0x99,0x99,0x92,0x12,0x22,0x22,0x22,0x22,0x29,0x99,0x99,0x89,0x99,0x99,0x92,0x22,0x22,0x22,0x22,0x12,0x29,0x99,0x99,0x99,0x99,0x99,0x92
	db 0x12,0x22,0x22,0x22,0x22,0x29,0x99,0x99,0x89,0x99,0x99,0x92,0x22,0x22,0x22,0x22,0x12,0x29,0x99,0x99,0x99,0x99,0x99,0x92,0x12,0x22,0x22,0x22,0x22,0x29,0x99,0x99
	db 0x12,0x22,0x22,0x22,0x22,0x99,0x99,0x99,0x89,0x99,0x99,0x22,0x22,0x22,0x22,0x22,0x12,0x99,0x99,0x99,0x99,0x99,0x99,0x22,0x12,0x22,0x22,0x22,0x22,0x99,0x99,0x99
	db 0x89,0x99,0x99,0x22,0x22,0x22,0x22,0x22,0x12,0x99,0x99,0x99,0x99,0x99,0x99,0x22,0x12,0x22,0x22,0x22,0x22,0x99,0x99,0x99,0x89,0x99,0x99,0x22,0x22,0x22,0x22,0x22
	db 0x12,0x99,0x99,0x99,0x99,0x99,0x99,0x22,0x12,0x22,0x22,0x22,0x22,0x99,0x99,0x99,0x89,0x99,0x99,0x22,0x22,0x22,0x22,0x22,0x12,0x99,0x99,0x99,0x99,0x99,0x99,0x22
	db 0x12,0x22,0x22,0x22,0x22,0x99,0x99,0x99,0x89,0x99,0x99,0x22,0x22,0x22,0x22,0x22,0x12,0x99,0x99,0x99,0x99,0x99,0x99,0x22,0x12,0x22,0x22,0x22,0x22,0x99,0x99,0x99
	db 0x12,0x22,0x22,0x22,0x29,0x99,0x99,0x99,0x89,0x99,0x92,0x22,0x22,0x22,0x22,0x22,0x19,0x99,0x99,0x99,0x99,0x99,0x92,0x22,0x12,0x22,0x22,0x22,0x29,0x99,0x99,0x99
	db 0x89,0x99,0x92,0x22,0x22,0x22,0x22,0x22,0x19,0x99,0x99,0x99,0x99,0x99,0x92,0x22,0x12,0x22,0x22,0x22,0x29,0x99,0x99,0x99,0x89,0x99,0x92,0x22,0x22,0x22,0x22,0x22
	db 0x19,0x99,0x99,0x99,0x99,0x99,0x92,0x22,0x12,0x22,0x22,0x22,0x29,0x99,0x99,0x99,0x89,0x99,0x92,0x22,0x22,0x22,0x22,0x22,0x19,0x99,0x99,0x99,0x99,0x99,0x92,0x22
	db 0x12,0x22,0x22,0x22,0x29,0x99,0x99,0x99,0x89,0x99,0x92,0x22,0x22,0x22,0x22,0x22,0x19,0x99,0x99,0x99,0x99,0x99,0x92,0x22,0x12,0x22,0x22,0x22,0x29,0x99,0x99,0x99
	db 0x12,0x22,0x22,0x22,0x99,0x99,0x99,0x99,0x89,0x99,0x22,0x22,0x22,0x22,0x22,0x22,0x89,0x99,0x99,0x99,0x99,0x99,0x22,0x22,0x12,0x22,0x22,0x22,0x99,0x99,0x99,0x99
	db 0x89,0x99,0x22,0x22,0x22,0x22,0x22,0x22,0x89,0x99,0x99,0x99,0x99,0x99,0x22,0x22,0x12,0x22,0x22,0x22,0x99,0x99,0x99,0x99,0x89,0x99,0x22,0x22,0x22,0x22,0x22,0x22
	db 0x89,0x99,0x99,0x99,0x99,0x99,0x22,0x22,0x12,0x22,0x22,0x22,0x99,0x99,0x99,0x99,0x89,0x99,0x22,0x22,0x22,0x22,0x22,0x22,0x89,0x99,0x99,0x99,0x99,0x99,0x22,0x22
	db 0x12,0x22,0x22,0x22,0x99,0x99,0x99,0x99,0x89,0x99,0x22,0x22,0x22,0x22,0x22,0x22,0x89,0x99,0x99,0x99,0x99,0x99,0x22,0x22,0x12,0x22,0x22,0x22,0x99,0x99,0x99,0x99
	db 0x12,0x22,0x22,0x29,0x99,0x99,0x99,0x99,0x89,0x92,0x22,0x22,0x22,0x22,0x22,0x29,0x89,0x99,0x99,0x99,0x99,0x92,0x22,0x22,0x12,0x22,0x22,0x29,0x99,0x99,0x99,0x99
	db 0x89,0x92,0x22,0x22,0x22,0x22,0x22,0x29,0x89,0x99,0x99,0x99,0x99,0x92,0x22,0x22,0x12,0x22,0x22,0x29,0x99,0x99,0x99,0x99,0x89,0x92,0x22,0x22,0x22,0x22,0x22,0x29
	db 0x89,0x99,0x99,0x99,0x99,0x92,0x22,0x22,0x12,0x22,0x22,0x29,0x99,0x99,0x99,0x99,0x89,0x92,0x22,0x22,0x22,0x22,0x22,0x29,0x89,0x99,0x99,0x99,0x99,0x92,0x22,0x22
	db 0x12,0x22,0x22,0x29,0x99,0x99,0x99,0x99,0x89,0x92,0x22,0x22,0x22,0x22,0x22,0x29,0x89,0x99,0x99,0x99,0x99,0x92,0x22,0x22,0x12,0x22,0x22,0x29,0x99,0x99,0x99,0x99
	db 0x12,0x22,0x22,0x99,0x99,0x99,0x99,0x99,0x89,0x22,0x22,0x22,0x22,0x22,0x22,0x99,0x89,0x99,0x99,0x99,0x99,0x22,0x22,0x22,0x12,0x22,0x22,0x99,0x99,0x99,0x99,0x99
	db 0x89,0x22,0x22,0x22,0x22,0x22,0x22,0x99,0x89,0x99,0x99,0x99,0x99,0x22,0x22,0x22,0x12,0x22,0x22,0x99,0x99,0x99,0x99,0x99,0x89,0x22,0x22,0x22,0x22,0x22,0x22,0x99
	db 0x89,0x99,0x99,0x99,0x99,0x22,0x22,0x22,0x12,0x22,0x22,0x99,0x99,0x99,0x99,0x99,0x89,0x22,0x22,0x22,0x22,0x22,0x22,0x99,0x89,0x99,0x99,0x99,0x99,0x22,0x22,0x22
	db 0x12,0x22,0x22,0x99,0x99,0x99,0x99,0x99,0x89,0x22,0x22,0x22,0x22,0x22,0x22,0x99,0x89,0x99,0x99,0x99,0x99,0x22,0x22,0x22,0x12,0x22,0x22,0x99,0x99,0x99,0x99,0x99
	db 0x12,0x22,0x29,0x92,0x29,0x99,0x99,0x99,0x82,0x22,0x22,0x29,0x92,0x22,0x29,0x99,0x89,0x99,0x99,0x92,0x22,0x22,0x22,0x22,0x12,0x22,0x29,0x92,0x29,0x99,0x99,0x99
	db 0x82,0x22,0x22,0x29,0x92,0x22,0x29,0x99,0x89,0x99,0x99,0x92,0x22,0x22,0x22,0x22,0x12,0x22,0x29,0x92,0x29,0x99,0x99,0x99,0x82,0x22,0x22,0x29,0x92,0x22,0x29,0x99
	db 0x89,0x99,0x99,0x92,0x22,0x22,0x22,0x22,0x12,0x22,0x29,0x92,0x29,0x99,0x99,0x99,0x82,0x22,0x22,0x29,0x92,0x22,0x29,0x99,0x89,0x99,0x99,0x92,0x22,0x22,0x22,0x22
	db 0x12,0x22,0x29,0x92,0x29,0x99,0x99,0x99,0x82,0x22,0x22,0x29,0x92,0x22,0x29,0x99,0x89,0x99,0x99,0x92,0x22,0x22,0x22,0x22,0x12,0x22,0x29,0x92,0x29,0x99,0x99,0x99
	db 0x12,0x22,0x99,0x92,0x29,0x99,0x99,0x99,0x12,0x22,0x22,0x29,0x92,0x22,0x99,0x99,0x89,0x99,0x99,0x92,0x92,0x22,0x22,0x22,0x12,0x22,0x99,0x92,0x29,0x99,0x99,0x99
	db 0x12,0x22,0x22,0x29,0x92,0x22,0x99,0x99,0x89,0x99,0x99,0x92,0x92,0x22,0x22,0x22,0x12,0x22,0x99,0x92,0x29,0x99,0x99,0x99,0x12,0x22,0x22,0x29,0x92,0x22,0x99,0x99
	db 0x89,0x99,0x99,0x92,0x92,0x22,0x22,0x22,0x12,0x22,0x99,0x92,0x29,0x99,0x99,0x99,0x12,0x22,0x22,0x29,0x92,0x22,0x99,0x99,0x89,0x99,0x99,0x92,0x92,0x22,0x22,0x22
	db 0x12,0x22,0x99,0x92,0x29,0x99,0x99,0x99,0x12,0x22,0x22,0x29,0x92,0x22,0x99,0x99,0x89,0x99,0x99,0x92,0x92,0x22,0x22,0x22,0x12,0x22,0x99,0x92,0x29,0x99,0x99,0x99
	db 0x12,0x29,0x99,0x99,0x99,0x99,0x99,0x92,0x12,0x22,0x22,0x22,0x22,0x29,0x99,0x99,0x89,0x99,0x99,0x92,0x22,0x22,0x22,0x22,0x12,0x29,0x99,0x99,0x99,0x99,0x99,0x92
	db 0x12,0x22,0x22,0x22,0x22,0x29,0x99,0x99,0x89,0x99,0x99,0x92,0x22,0x22,0x22,0x22,0x12,0x29,0x99,0x99,0x99,0x99,0x99,0x92,0x12,0x22,0x22,0x22,0x22,0x29,0x99,0x99
	db 0x89,0x99,0x99,0x92,0x22,0x22,0x22,0x22,0x12,0x29,0x99,0x99,0x99,0x99,0x99,0x92,0x12,0x22,0x22,0x22,0x22,0x29,0x99,0x99,0x89,0x99,0x99,0x92,0x22,0x22,0x22,0x22
	db 0x12,0x29,0x99,0x99,0x99,0x99,0x99,0x92,0x12,0x22,0x22,0x22,0x22,0x29,0x99,0x99,0x89,0x99,0x99,0x92,0x22,0x22,0x22,0x22,0x12,0x29,0x99,0x99,0x99,0x99,0x99,0x92
	db 0x12,0x99,0x99,0x99,0x99,0x99,0x99,0x22,0x12,0x22,0x22,0x22,0x22,0x99,0x99,0x99,0x89,0x99,0x99,0x22,0x22,0x22,0x22,0x22,0x12,0x99,0x99,0x99,0x99,0x99,0x99,0x22
	db 0x12,0x22,0x22,0x22,0x22,0x99,0x99,0x99,0x89,0x99,0x99,0x22,0x22,0x22,0x22,0x22,0x12,0x99,0x99,0x99,0x99,0x99,0x99,0x22,0x12,0x22,0x22,0x22,0x22,0x99,0x99,0x99
	db 0x89,0x99,0x99,0x22,0x22,0x22,0x22,0x22,0x12,0x99,0x99,0x99,0x99,0x99,0x99,0x22,0x12,0x22,0x22,0x22,0x22,0x99,0x99,0x99,0x89,0x99,0x99,0x22,0x22,0x22,0x22,0x22
	db 0x12,0x99,0x99,0x99,0x99,0x99,0x99,0x22,0x12,0x22,0x22,0x22,0x22,0x99,0x99,0x99,0x89,0x99,0x99,0x22,0x22,0x22,0x22,0x22,0x12,0x99,0x99,0x99,0x99,0x99,0x99,0x22
	db 0x19,0x99,0x99,0x99,0x99,0x99,0x92,0x22,0x12,0x22,0x22,0x22,0x29,0x99,0x99,0x99,0x89,0x99,0x92,0x22,0x22,0x22,0x22,0x22,0x19,0x99,0x99,0x99,0x99,0x99,0x92,0x22
	db 0x12,0x22,0x22,0x22,0x29,0x99,0x99,0x99,0x89,0x99,0x92,0x22,0x22,0x22,0x22,0x22,0x19,0x99,0x99,0x99,0x99,0x99,0x92,0x22,0x12,0x22,0x22,0x22,0x29,0x99,0x99,0x99
	db 0x89,0x99,0x92,0x22,0x22,0x22,0x22,0x22,0x19,0x99,0x99,0x99,0x99,0x99,0x92,0x22,0x12,0x22,0x22,0x22,0x29,0x99,0x99,0x99,0x89,0x99,0x92,0x22,0x22,0x22,0x22,0x22
	db 0x19,0x99,0x99,0x99,0x99,0x99,0x92,0x22,0x12,0x22,0x22,0x22,0x29,0x99,0x99,0x99,0x89,0x99,0x92,0x22,0x22,0x22,0x22,0x22,0x19,0x99,0x99,0x99,0x99,0x99,0x92,0x22
	db 0x89,0x99,0x99,0x99,0x99,0x99,0x22,0x22,0x12,0x22,0x22,0x22,0x99,0x99,0x99,0x99,0x89,0x99,0x22,0x22,0x22,0x22,0x22,0x22,0x89,0x99,0x99,0x99,0x99,0x99,0x22,0x22
	db 0x12,0x22,0x22,0x22,0x99,0x99,0x99,0x99,0x89,0x99,0x22,0x22,0x22,0x22,0x22,0x22,0x89,0x99,0x99,0x99,0x99,0x99,0x22,0x22,0x12,0x22,0x22,0x22,0x99,0x99,0x99,0x99
	db 0x89,0x99,0x22,0x22,0x22,0x22,0x22,0x22,0x89,0x99,0x99,0x99,0x99,0x99,0x22,0x22,0x12,0x22,0x22,0x22,0x99,0x99,0x99,0x99,0x89,0x99,0x22,0x22,0x22,0x22,0x22,0x22
	db 0x89,0x99,0x99,0x99,0x99,0x99,0x22,0x22,0x12,0x22,0x22,0x22,0x99,0x99,0x99,0x99,0x89,0x99,0x22,0x22,0x22,0x22,0x22,0x22,0x89,0x99,0x99,0x99,0x99,0x99,0x22,0x22
	db 0x89,0x99,0x99,0x99,0x99,0x92,0x22,0x22,0x12,0x22,0x22,0x29,0x99,0x99,0x99,0x99,0x89,0x92,0x22,0x22,0x22,0x22,0x22,0x29,0x89,0x99,0x99,0x99,0x99,0x92,0x22,0x22
	db 0x12,0x22,0x22,0x29,0x99,0x99,0x99,0x99,0x89,0x92,0x22,0x22,0x22,0x22,0x22,0x29,0x89,0x99,0x99,0x99,0x99,0x92,0x22,0x22,0x12,0x22,0x22,0x29,0x99,0x99,0x99,0x99
	db 0x89,0x92,0x22,0x22,0x22,0x22,0x22,0x29,0x89,0x99,0x99,0x99,0x99,0x92,0x22,0x22,0x12,0x22,0x22,0x29,0x99,0x99,0x99,0x99,0x89,0x92,0x22,0x22,0x22,0x22,0x22,0x29
	db 0x89,0x99,0x99,0x99,0x99,0x92,0x22,0x22,0x12,0x22,0x22,0x29,0x99,0x99,0x99,0x99,0x89,0x92,0x22,0x22,0x22,0x22,0x22,0x29,0x89,0x99,0x99,0x99,0x99,0x92,0x22,0x22
	db 0x89,0x99,0x99,0x99,0x99,0x22,0x22,0x22,0x12,0x22,0x22,0x99,0x99,0x99,0x99,0x99,0x89,0x22,0x22,0x22,0x22,0x22,0x22,0x99,0x89,0x99,0x99,0x99,0x99,0x22,0x22,0x22
	db 0x12,0x22,0x22,0x99,0x99,0x99,0x99,0x99,0x89,0x22,0x22,0x22,0x22,0x22,0x22,0x99,0x89,0x99,0x99,0x99,0x99,0x22,0x22,0x22,0x12,0x22,0x22,0x99,0x99,0x99,0x99,0x99
	db 0x89,0x22,0x22,0x22,0x22,0x22,0x22,0x99,0x89,0x99,0x99,0x99,0x99,0x22,0x22,0x22,0x12,0x22,0x22,0x99,0x99,0x99,0x99,0x99,0x89,0x22,0x22,0x22,0x22,0x22,0x22,0x99
	db 0x89,0x99,0x99,0x99,0x99,0x22,0x22,0x22,0x12,0x22,0x22,0x99,0x99,0x99,0x99,0x99,0x89,0x22,0x22,0x22,0x22,0x22,0x22,0x99,0x89,0x99,0x99,0x99,0x99,0x22,0x22,0x22
	db 0x89,0x99,0x99,0x99,0x92,0x22,0x22,0x22,0x12,0x22,0x29,0x99,0x99,0x99,0x99,0x99,0x82,0x22,0x22,0x22,0x22,0x22,0x29,0x99,0x89,0x99,0x99,0x99,0x92,0x22,0x22,0x22
	db 0x12,0x22,0x29,0x99,0x99,0x99,0x99,0x99,0x82,0x22,0x22,0x22,0x22,0x22,0x29,0x99,0x89,0x99,0x99,0x99,0x92,0x22,0x22,0x22,0x12,0x22,0x29,0x99,0x99,0x99,0x99,0x99
	db 0x82,0x22,0x22,0x22,0x22,0x22,0x29,0x99,0x89,0x99,0x99,0x99,0x92,0x22,0x22,0x22,0x12,0x22,0x29,0x99,0x99,0x99,0x99,0x99,0x82,0x22,0x22,0x22,0x22,0x22,0x29,0x99
	db 0x89,0x99,0x99,0x99,0x92,0x22,0x22,0x22,0x12,0x22,0x29,0x99,0x99,0x99,0x99,0x99,0x82,0x22,0x22,0x22,0x22,0x22,0x29,0x99,0x89,0x99,0x99,0x99,0x92,0x22,0x22,0x22
	db 0x88,0x88,0x88,0x88,0x11,0x11,0x11,0x11,0x11,0x11,0x88,0x88,0x88,0x88,0x88,0x88,0x11,0x11,0x11,0x11,0x11,0x11,0x88,0x88,0x88,0x88,0x88,0x88,0x11,0x11,0x11,0x11
	db 0x11,0x11,0x88,0x88,0x88,0x88,0x88,0x88,0x11,0x11,0x11,0x11,0x11,0x11,0x88,0x88,0x88,0x88,0x88,0x88,0x11,0x11,0x11,0x11,0x11,0x11,0x88,0x88,0x88,0x88,0x88,0x88
	db 0x11,0x11,0x11,0x11,0x11,0x11,0x88,0x88,0x88,0x88,0x88,0x88,0x11,0x11,0x11,0x11,0x11,0x11,0x88,0x88,0x88,0x88,0x88,0x88,0x11,0x11,0x11,0x11,0x11,0x11,0x88,0x88
	db 0x88,0x88,0x88,0x88,0x11,0x11,0x11,0x11,0x11,0x11,0x88,0x88,0x88,0x88,0x88,0x88,0x11,0x11,0x11,0x11,0x11,0x11,0x88,0x88,0x88,0x88,0x88,0x88,0x11,0x11,0x11,0x11
	db 0x89,0x99,0x99,0x92,0x22,0x22,0x22,0x22,0x12,0x29,0x99,0x99,0x99,0x99,0x99,0x92,0x12,0x22,0x22,0x22,0x22,0x29,0x99,0x99,0x89,0x99,0x99,0x92,0x22,0x22,0x22,0x22
	db 0x12,0x29,0x99,0x99,0x99,0x99,0x99,0x92,0x12,0x22,0x22,0x22,0x22,0x29,0x99,0x99,0x89,0x99,0x99,0x92,0x22,0x22,0x22,0x22,0x12,0x29,0x99,0x99,0x99,0x99,0x99,0x92
	db 0x12,0x22,0x22,0x22,0x22,0x29,0x99,0x99,0x89,0x99,0x99,0x92,0x22,0x22,0x22,0x22,0x12,0x29,0x99,0x99,0x99,0x99,0x99,0x92,0x12,0x22,0x22,0x22,0x22,0x29,0x99,0x99
	db 0x89,0x99,0x99,0x92,0x22,0x22,0x22,0x22,0x12,0x29,0x99,0x99,0x99,0x99,0x99,0x92,0x12,0x22,0x22,0x22,0x22,0x29,0x99,0x99,0x89,0x99,0x99,0x92,0x22,0x22,0x22,0x22
	db 0x89,0x99,0x99,0x22,0x22,0x22,0x22,0x22,0x12,0x99,0x99,0x99,0x99,0x99,0x99,0x22,0x12,0x22,0x22,0x22,0x22,0x99,0x99,0x99,0x89,0x99,0x99,0x22,0x22,0x22,0x22,0x22
	db 0x12,0x99,0x99,0x99,0x99,0x99,0x99,0x22,0x12,0x22,0x22,0x22,0x22,0x99,0x99,0x99,0x89,0x99,0x99,0x22,0x22,0x22,0x22,0x22,0x12,0x99,0x99,0x99,0x99,0x99,0x99,0x22
	db 0x12,0x22,0x22,0x22,0x22,0x99,0x99,0x99,0x89,0x99,0x99,0x22,0x22,0x22,0x22,0x22,0x12,0x99,0x99,0x99,0x99,0x99,0x99,0x22,0x12,0x22,0x22,0x22,0x22,0x99,0x99,0x99
	db 0x89,0x99,0x99,0x22,0x22,0x22,0x22,0x22,0x12,0x99,0x99,0x99,0x99,0x99,0x99,0x22,0x12,0x22,0x22,0x22,0x22,0x99,0x99,0x99,0x89,0x99,0x99,0x22,0x22,0x22,0x22,0x22
	db 0x89,0x99,0x92,0x22,0x22,0x22,0x22,0x22,0x19,0x99,0x99,0x99,0x99,0x99,0x92,0x22,0x12,0x22,0x22,0x22,0x29,0x99,0x99,0x99,0x89,0x99,0x92,0x22,0x22,0x22,0x22,0x22
	db 0x19,0x99,0x99,0x99,0x99,0x99,0x92,0x22,0x12,0x22,0x22,0x22,0x29,0x99,0x99,0x99,0x89,0x99,0x92,0x22,0x22,0x22,0x22,0x22,0x19,0x99,0x99,0x99,0x99,0x99,0x92,0x22
	db 0x12,0x22,0x22,0x22,0x29,0x99,0x99,0x99,0x89,0x99,0x92,0x22,0x22,0x22,0x22,0x22,0x19,0x99,0x99,0x99,0x99,0x99,0x92,0x22,0x12,0x22,0x22,0x22,0x29,0x99,0x99,0x99
	db 0x89,0x99,0x92,0x22,0x22,0x22,0x22,0x22,0x19,0x99,0x99,0x99,0x99,0x99,0x92,0x22,0x12,0x22,0x22,0x22,0x29,0x99,0x99,0x99,0x89,0x99,0x92,0x22,0x22,0x22,0x22,0x22
	db 0x89,0x99,0x22,0x22,0x22,0x22,0x22,0x22,0x89,0x99,0x99,0x99,0x99,0x99,0x22,0x22,0x12,0x22,0x22,0x22,0x99,0x99,0x99,0x99,0x89,0x99,0x22,0x22,0x22,0x22,0x22,0x22
	db 0x89,0x99,0x99,0x99,0x99,0x99,0x22,0x22,0x12,0x22,0x22,0x22,0x99,0x99,0x99,0x99,0x89,0x99,0x22,0x22,0x22,0x22,0x22,0x22,0x89,0x99,0x99,0x99,0x99,0x99,0x22,0x22
	db 0x12,0x22,0x22,0x22,0x99,0x99,0x99,0x99,0x89,0x99,0x22,0x22,0x22,0x22,0x22,0x22,0x89,0x99,0x99,0x99,0x99,0x99,0x22,0x22,0x12,0x22,0x22,0x22,0x99,0x99,0x99,0x99
	db 0x89,0x99,0x22,0x22,0x22,0x22,0x22,0x22,0x89,0x99,0x99,0x99,0x99,0x99,0x22,0x22,0x12,0x22,0x22,0x22,0x99,0x99,0x99,0x99,0x89,0x99,0x22,0x22,0x22,0x22,0x22,0x22
	db 0x89,0x92,0x22,0x22,0x22,0x22,0x22,0x29,0x89,0x99,0x99,0x99,0x99,0x92,0x22,0x22,0x12,0x22,0x22,0x29,0x99,0x99,0x99,0x99,0x89,0x92,0x22,0x22,0x22,0x22,0x22,0x29
	db 0x89,0x99,0x99,0x99,0x99,0x92,0x22,0x22,0x12,0x22,0x22,0x29,0x99,0x99,0x99,0x99,0x89,0x92,0x22,0x22,0x22,0x22,0x22,0x29,0x89,0x99,0x99,0x99,0x99,0x92,0x22,0x22
	db 0x12,0x22,0x22,0x29,0x99,0x99,0x99,0x99,0x89,0x92,0x22,0x22,0x22,0x22,0x22,0x29,0x89,0x99,0x99,0x99,0x99,0x92,0x22,0x22,0x12,0x22,0x22,0x29,0x99,0x99,0x99,0x99
	db 0x89,0x92,0x22,0x22,0x22,0x22,0x22,0x29,0x89,0x99,0x99,0x99,0x99,0x92,0x22,0x22,0x12,0x22,0x22,0x29,0x99,0x99,0x99,0x99,0x89,0x92,0x22,0x22,0x22,0x22,0x22,0x29
	db 0x89,0x22,0x22,0x22,0x22,0x22,0x22,0x99,0x89,0x99,0x99,0x99,0x99,0x22,0x22,0x22,0x12,0x22,0x22,0x99,0x99,0x99,0x99,0x99,0x89,0x22,0x22,0x22,0x22,0x22,0x22,0x99
	db 0x89,0x99,0x99,0x99,0x99,0x22,0x22,0x22,0x12,0x22,0x22,0x99,0x99,0x99,0x99,0x99,0x89,0x22,0x22,0x22,0x22,0x22,0x22,0x99,0x89,0x99,0x99,0x99,0x99,0x22,0x22,0x22
	db 0x12,0x22,0x22,0x99,0x99,0x99,0x99,0x99,0x89,0x22,0x22,0x22,0x22,0x22,0x22,0x99,0x89,0x99,0x99,0x99,0x99,0x22,0x22,0x22,0x12,0x22,0x22,0x99,0x99,0x99,0x99,0x99
	db 0x89,0x22,0x22,0x22,0x22,0x22,0x22,0x99,0x89,0x99,0x99,0x99,0x99,0x22,0x22,0x22,0x12,0x22,0x22,0x99,0x99,0x99,0x99,0x99,0x89,0x22,0x22,0x22,0x22,0x22,0x22,0x99
	db 0x82,0x22,0x22,0x29,0x92,0x22,0x29,0x99,0x89,0x99,0x99,0x92,0x22,0x22,0x22,0x22,0x12,0x22,0x29,0x92,0x29,0x99,0x99,0x99,0x82,0x22,0x22,0x29,0x92,0x22,0x29,0x99
	db 0x89,0x99,0x99,0x92,0x22,0x22,0x22,0x22,0x12,0x22,0x29,0x92,0x29,0x99,0x99,0x99,0x82,0x22,0x22,0x29,0x92,0x22,0x29,0x99,0x89,0x99,0x99,0x92,0x22,0x22,0x22,0x22
	db 0x12,0x22,0x29,0x92,0x29,0x99,0x99,0x99,0x82,0x22,0x22,0x29,0x92,0x22,0x29,0x99,0x89,0x99,0x99,0x92,0x22,0x22,0x22,0x22,0x12,0x22,0x29,0x92,0x29,0x99,0x99,0x99
	db 0x82,0x22,0x22,0x29,0x92,0x22,0x29,0x99,0x89,0x99,0x99,0x92,0x22,0x22,0x22,0x22,0x12,0x22,0x29,0x92,0x29,0x99,0x99,0x99,0x82,0x22,0x22,0x29,0x92,0x22,0x29,0x99
	db 0x12,0x22,0x22,0x29,0x92,0x22,0x99,0x99,0x89,0x99,0x99,0x92,0x92,0x22,0x22,0x22,0x12,0x22,0x99,0x92,0x29,0x99,0x99,0x99,0x12,0x22,0x22,0x29,0x92,0x22,0x99,0x99
	db 0x89,0x99,0x99,0x92,0x92,0x22,0x22,0x22,0x12,0x22,0x99,0x92,0x29,0x99,0x99,0x99,0x12,0x22,0x22,0x29,0x92,0x22,0x99,0x99,0x89,0x99,0x99,0x92,0x92,0x22,0x22,0x22
	db 0x12,0x22,0x99,0x92,0x29,0x99,0x99,0x99,0x12,0x22,0x22,0x29,0x92,0x22,0x99,0x99,0x89,0x99,0x99,0x92,0x92,0x22,0x22,0x22,0x12,0x22,0x99,0x92,0x29,0x99,0x99,0x99
	db 0x12,0x22,0x22,0x29,0x92,0x22,0x99,0x99,0x89,0x99,0x99,0x92,0x92,0x22,0x22,0x22,0x12,0x22,0x99,0x92,0x29,0x99,0x99,0x99,0x12,0x22,0x22,0x29,0x92,0x22,0x99,0x99
	db 0x12,0x22,0x22,0x22,0x22,0x29,0x99,0x99,0x89,0x99,0x99,0x92,0x22,0x22,0x22,0x22,0x12,0x29,0x99,0x99,0x99,0x99,0x99,0x92,0x12,0x22,0x22,0x22,0x22,0x29,0x99,0x99
	db 0x89,0x99,0x99,0x92,0x22,0x22,0x22,0x22,0x12,0x29,0x99,0x99,0x99,0x99,0x99,0x92,0x12,0x22,0x22,0x22,0x22,0x29,0x99,0x99,0x89,0x99,0x99,0x92,0x22,0x22,0x22,0x22
	db 0x12,0x29,0x99,0x99,0x99,0x99,0x99,0x92,0x12,0x22,0x22,0x22,0x22,0x29,0x99,0x99,0x89,0x99,0x99,0x92,0x22,0x22,0x22,0x22,0x12,0x29,0x99,0x99,0x99,0x99,0x99,0x92
	db 0x12,0x22,0x22,0x22,0x22,0x29,0x99,0x99,0x89,0x99,0x99,0x92,0x22,0x22,0x22,0x22,0x12,0x29,0x99,0x99,0x99,0x99,0x99,0x92,0x12,0x22,0x22,0x22,0x22,0x29,0x99,0x99
	db 0x12,0x22,0x22,0x22,0x22,0x99,0x99,0x99,0x89,0x99,0x99,0x22,0x22,0x22,0x22,0x22,0x12,0x99,0x99,0x99,0x99,0x99,0x99,0x22,0x12,0x22,0x22,0x22,0x22,0x99,0x99,0x99
	db 0x89,0x99,0x99,0x22,0x22,0x22,0x22,0x22,0x12,0x99,0x99,0x99,0x99,0x99,0x99,0x22,0x12,0x22,0x22,0x22,0x22,0x99,0x99,0x99,0x89,0x99,0x99,0x22,0x22,0x22,0x22,0x22
	db 0x12,0x99,0x99,0x99,0x99,0x99,0x99,0x22,0x12,0x22,0x22,0x22,0x22,0x99,0x99,0x99,0x89,0x99,0x99,0x22,0x22,0x22,0x22,0x22,0x12,0x99,0x99,0x99,0x99,0x99,0x99,0x22
	db 0x12,0x22,0x22,0x22,0x22,0x99,0x99,0x99,0x89,0x99,0x99,0x22,0x22,0x22,0x22,0x22,0x12,0x99,0x99,0x99,0x99,0x99,0x99,0x22,0x12,0x22,0x22,0x22,0x22,0x99,0x99,0x99
	db 0x12,0x22,0x22,0x22,0x29,0x99,0x99,0x99,0x89,0x99,0x92,0x22,0x22,0x22,0x22,0x22,0x19,0x99,0x99,0x99,0x99,0x99,0x92,0x22,0x12,0x22,0x22,0x22,0x29,0x99,0x99,0x99
	db 0x89,0x99,0x92,0x22,0x22,0x22,0x22,0x22,0x19,0x99,0x99,0x99,0x99,0x99,0x92,0x22,0x12,0x22,0x22,0x22,0x29,0x99,0x99,0x99,0x89,0x99,0x92,0x22,0x22,0x22,0x22,0x22
	db 0x19,0x99,0x99,0x99,0x99,0x99,0x92,0x22,0x12,0x22,0x22,0x22,0x29,0x99,0x99,0x99,0x89,0x99,0x92,0x22,0x22,0x22,0x22,0x22,0x19,0x99,0x99,0x99,0x99,0x99,0x92,0x22
	db 0x12,0x22,0x22,0x22,0x29,0x99,0x99,0x99,0x89,0x99,0x92,0x22,0x22,0x22,0x22,0x22,0x19,0x99,0x99,0x99,0x99,0x99,0x92,0x22,0x12,0x22,0x22,0x22,0x29,0x99,0x99,0x99
	db 0x12,0x22,0x22,0x22,0x99,0x99,0x99,0x99,0x89,0x99,0x22,0x22,0x22,0x22,0x22,0x22,0x89,0x99,0x99,0x99,0x99,0x99,0x22,0x22,0x12,0x22,0x22,0x22,0x99,0x99,0x99,0x99
	db 0x89,0x99,0x22,0x22,0x22,0x22,0x22,0x22,0x89,0x99,0x99,0x99,0x99,0x99,0x22,0x22,0x12,0x22,0x22,0x22,0x99,0x99,0x99,0x99,0x89,0x99,0x22,0x22,0x22,0x22,0x22,0x22
	db 0x89,0x99,0x99,0x99,0x99,0x99,0x22,0x22,0x12,0x22,0x22,0x22,0x99,0x99,0x99,0x99,0x89,0x99,0x22,0x22,0x22,0x22,0x22,0x22,0x89,0x99,0x99,0x99,0x99,0x99,0x22,0x22
	db 0x12,0x22,0x22,0x22,0x99,0x99,0x99,0x99,0x89,0x99,0x22,0x22,0x22,0x22,0x22,0x22,0x89,0x99,0x99,0x99,0x99,0x99,0x22,0x22,0x12,0x22,0x22,0x22,0x99,0x99,0x99,0x99
	db 0x12,0x22,0x22,0x29,0x99,0x99,0x99,0x99,0x89,0x92,0x22,0x22,0x22,0x22,0x22,0x29,0x89,0x99,0x99,0x99,0x99,0x92,0x22,0x22,0x12,0x22,0x22,0x29,0x99,0x99,0x99,0x99
	db 0x89,0x92,0x22,0x22,0x22,0x22,0x22,0x29,0x89,0x99,0x99,0x99,0x99,0x92,0x22,0x22,0x12,0x22,0x22,0x29,0x99,0x99,0x99,0x99,0x89,0x92,0x22,0x22,0x22,0x22,0x22,0x29
	db 0x89,0x99,0x99,0x99,0x99,0x92,0x22,0x22,0x12,0x22,0x22,0x29,0x99,0x99,0x99,0x99,0x89,0x92,0x22,0x22,0x22,0x22,0x22,0x29,0x89,0x99,0x99,0x99,0x99,0x92,0x22,0x22
	db 0x12,0x22,0x22,0x29,0x99,0x99,0x99,0x99,0x89,0x92,0x22,0x22,0x22,0x22,0x22,0x29,0x89,0x99,0x99,0x99,0x99,0x92,0x22,0x22,0x12,0x22,0x22,0x29,0x99,0x99,0x99,0x99
	db 0x12,0x22,0x22,0x99,0x99,0x99,0x99,0x99,0x89,0x22,0x22,0x22,0x22,0x22,0x22,0x99,0x89,0x99,0x99,0x99,0x99,0x22,0x22,0x22,0x12,0x22,0x22,0x99,0x99,0x99,0x99,0x99
	db 0x89,0x22,0x22,0x22,0x22,0x22,0x22,0x99,0x89,0x99,0x99,0x99,0x99,0x22,0x22,0x22,0x12,0x22,0x22,0x99,0x99,0x99,0x99,0x99,0x89,0x22,0x22,0x22,0x22,0x22,0x22,0x99
	db 0x89,0x99,0x99,0x99,0x99,0x22,0x22,0x22,0x12,0x22,0x22,0x99,0x99,0x99,0x99,0x99,0x89,0x22,0x22,0x22,0x22,0x22,0x22,0x99,0x89,0x99,0x99,0x99,0x99,0x22,0x22,0x22
	db 0x12,0x22,0x22,0x99,0x99,0x99,0x99,0x99,0x89,0x22,0x22,0x22,0x22,0x22,0x22,0x99,0x89,0x99,0x99,0x99,0x99,0x22,0x22,0x22,0x12,0x22,0x22,0x99,0x99,0x99,0x99,0x99
	db 0x12,0x22,0x29,0x99,0x99,0x99,0x99,0x99,0x82,0x22,0x22,0x22,0x22,0x22,0x29,0x99,0x89,0x99,0x99,0x99,0x92,0x22,0x22,0x22,0x12,0x22,0x29,0x99,0x99,0x99,0x99,0x99
	db 0x82,0x22,0x22,0x22,0x22,0x22,0x29,0x99,0x89,0x99,0x99,0x99,0x92,0x22,0x22,0x22,0x12,0x22,0x29,0x99,0x99,0x99,0x99,0x99,0x82,0x22,0x22,0x22,0x22,0x22,0x29,0x99
	db 0x89,0x99,0x99,0x99,0x92,0x22,0x22,0x22,0x12,0x22,0x29,0x99,0x99,0x99,0x99,0x99,0x82,0x22,0x22,0x22,0x22,0x22,0x29,0x99,0x89,0x99,0x99,0x99,0x92,0x22,0x22,0x22
	db 0x12,0x22,0x29,0x99,0x99,0x99,0x99,0x99,0x82,0x22,0x22,0x22,0x22,0x22,0x29,0x99,0x89,0x99,0x99,0x99,0x92,0x22,0x22,0x22,0x12,0x22,0x29,0x99,0x99,0x99,0x99,0x99
	db 0x11,0x11,0x11,0x11,0x11,0x11,0x88,0x88,0x88,0x88,0x88,0x88,0x11,0x11,0x11,0x11,0x11,0x11,0x88,0x88,0x88,0x88,0x88,0x88,0x11,0x11,0x11,0x11,0x11,0x11,0x88,0x88
	db 0x88,0x88,0x88,0x88,0x11,0x11,0x11,0x11,0x11,0x11,0x88,0x88,0x88,0x88,0x88,0x88,0x11,0x11,0x11,0x11,0x11,0x11,0x88,0x88,0x88,0x88,0x88,0x88,0x11,0x11,0x11,0x11
	db 0x11,0x11,0x88,0x88,0x88,0x88,0x88,0x88,0x11,0x11,0x11,0x11,0x11,0x11,0x88,0x88,0x88,0x88,0x88,0x88,0x11,0x11,0x11,0x11,0x11,0x11,0x88,0x88,0x88,0x88,0x88,0x88
	db 0x11,0x11,0x11,0x11,0x11,0x11,0x88,0x88,0x88,0x88,0x88,0x88,0x11,0x11,0x11,0x11,0x11,0x11,0x88,0x88,0x88,0x88,0x88,0x88,0x11,0x11,0x11,0x11,0x11,0x11,0x88,0x88
	db 0x13,0x33,0x33,0x33,0x33,0x3a,0xaa,0xaa,0x8a,0xaa,0xaa,0xa3,0x33,0x33,0x33,0x33,0x13,0x3a,0xaa,0xaa,0xaa,0xaa,0xaa,0xa3,0x13,0x33,0x33,0x33,0x33,0x3a,0xaa,0xaa
	db 0x8a,0xaa,0xaa,0xa3,0x33,0x33,0x33,0x33,0x13,0x3a,0xaa,0xaa,0xaa,0xaa,0xaa,0xa3,0x13,0x33,0x33,0x33,0x33,0x3a,0xaa,0xaa,0x8a,0xaa,0xaa,0xa3,0x33,0x33,0x33,0x33
	db 0x13,0x3a,0xaa,0xaa,0xaa,0xaa,0xaa,0xa3,0x13,0x33,0x33,0x33,0x33,0x3a,0xaa,0xaa,0x8a,0xaa,0xaa,0xa3,0x33,0x33,0x33,0x33,0x13,0x3a,0xaa,0xaa,0xaa,0xaa,0xaa,0xa3
	db 0x13,0x33,0x33,0x33,0x33,0x3a,0xaa,0xaa,0x8a,0xaa,0xaa,0xa3,0x33,0x33,0x33,0x33,0x13,0x3a,0xaa,0xaa,0xaa,0xaa,0xaa,0xa3,0x13,0x33,0x33,0x33,0x33,0x3a,0xaa,0xaa
	db 0x13,0x33,0x33,0x33,0x33,0xaa,0xaa,0xaa,0x8a,0xaa,0xaa,0x33,0x33,0x33,0x33,0x33,0x13,0xaa,0xaa,0xaa,0xaa,0xaa,0xaa,0x33,0x13,0x33,0x33,0x33,0x33,0xaa,0xaa,0xaa
	db 0x8a,0xaa,0xaa,0x33,0x33,0x33,0x33,0x33,0x13,0xaa,0xaa,0xaa,0xaa,0xaa,0xaa,0x33,0x13,0x33,0x33,0x33,0x33,0xaa,0xaa,0xaa,0x8a,0xaa,0xaa,0x33,0x33,0x33,0x33,0x33
	db 0x13,0xaa,0xaa,0xaa,0xaa,0xaa,0xaa,0x33,0x13,0x33,0x33,0x33,0x33,0xaa,0xaa,0xaa,0x8a,0xaa,0xaa,0x33,0x33,0x33,0x33,0x33,0x13,0xaa,0xaa,0xaa,0xaa,0xaa,0xaa,0x33
	db 0x13,0x33,0x33,0x33,0x33,0xaa,0xaa,0xaa,0x8a,0xaa,0xaa,0x33,0x33,0x33,0x33,0x33,0x13,0xaa,0xaa,0xaa,0xaa,0xaa,0xaa,0x33,0x13,0x33,0x33,0x33,0x33,0xaa,0xaa,0xaa
	db 0x13,0x33,0x33,0x33,0x3a,0xaa,0xaa,0xaa,0x8a,0xaa,0xa3,0x33,0x33,0x33,0x33,0x33,0x1a,0xaa,0xaa,0xaa,0xaa,0xaa,0xa3,0x33,0x13,0x33,0x33,0x33,0x3a,0xaa,0xaa,0xaa
	db 0x8a,0xaa,0xa3,0x33,0x33,0x33,0x33,0x33,0x1a,0xaa,0xaa,0xaa,0xaa,0xaa,0xa3,0x33,0x13,0x33,0x33,0x33,0x3a,0xaa,0xaa,0xaa,0x8a,0xaa,0xa3,0x33,0x33,0x33,0x33,0x33
	db 0x1a,0xaa,0xaa,0xaa,0xaa,0xaa,0xa3,0x33,0x13,0x33,0x33,0x33,0x3a,0xaa,0xaa,0xaa,0x8a,0xaa,0xa3,0x33,0x33,0x33,0x33,0x33,0x1a,0xaa,0xaa,0xaa,0xaa,0xaa,0xa3,0x33
	db 0x13,0x33,0x33,0x33,0x3a,0xaa,0xaa,0xaa,0x8a,0xaa,0xa3,0x33,0x33,0x33,0x33,0x33,0x1a,0xaa,0xaa,0xaa,0xaa,0xaa,0xa3,0x33,0x13,0x33,0x33,0x33,0x3a,0xaa,0xaa,0xaa
	db 0x13,0x33,0x33,0x33,0xaa,0xaa,0xaa,0xaa,0x8a,0xaa,0x33,0x33,0x33,0x33,0x33,0x33,0x8a,0xaa,0xaa,0xaa,0xaa,0xaa,0x33,0x33,0x13,0x33,0x33,0x33,0xaa,0xaa,0xaa,0xaa
	db 0x8a,0xaa,0x33,0x33,0x33,0x33,0x33,0x33,0x8a,0xaa,0xaa,0xaa,0xaa,0xaa,0x33,0x33,0x13,0x33,0x33,0x33,0xaa,0xaa,0xaa,0xaa,0x8a,0xaa,0x33,0x33,0x33,0x33,0x33,0x33
	db 0x8a,0xaa,0xaa,0xaa,0xaa,0xaa,0x33,0x33,0x13,0x33,0x33,0x33,0xaa,0xaa,0xaa,0xaa,0x8a,0xaa,0x33,0x33,0x33,0x33,0x33,0x33,0x8a,0xaa,0xaa,0xaa,0xaa,0xaa,0x33,0x33
	db 0x13,0x33,0x33,0x33,0xaa,0xaa,0xaa,0xaa,0x8a,0xaa,0x33,0x33,0x33,0x33,0x33,0x33,0x8a,0xaa,0xaa,0xaa,0xaa,0xaa,0x33,0x33,0x13,0x33,0x33,0x33,0xaa,0xaa,0xaa,0xaa
	db 0x13,0x33,0x33,0x3a,0xaa,0xaa,0xaa,0xaa,0x8a,0xa3,0x33,0x33,0x33,0x33,0x33,0x3a,0x8a,0xaa,0xaa,0xaa,0xaa,0xa3,0x33,0x33,0x13,0x33,0x33,0x3a,0xaa,0xaa,0xaa,0xaa
	db 0x8a,0xa3,0x33,0x33,0x33,0x33,0x33,0x3a,0x8a,0xaa,0xaa,0xaa,0xaa,0xa3,0x33,0x33,0x13,0x33,0x33,0x3a,0xaa,0xaa,0xaa,0xaa,0x8a,0xa3,0x33,0x33,0x33,0x33,0x33,0x3a
	db 0x8a,0xaa,0xaa,0xaa,0xaa,0xa3,0x33,0x33,0x13,0x33,0x33,0x3a,0xaa,0xaa,0xaa,0xaa,0x8a,0xa3,0x33,0x33,0x33,0x33,0x33,0x3a,0x8a,0xaa,0xaa,0xaa,0xaa,0xa3,0x33,0x33
	db 0x13,0x33,0x33,0x3a,0xaa,0xaa,0xaa,0xaa,0x8a,0xa3,0x33,0x33,0x33,0x33,0x33,0x3a,0x8a,0xaa,0xaa,0xaa,0xaa,0xa3,0x33,0x33,0x13,0x33,0x33,0x3a,0xaa,0xaa,0xaa,0xaa
	db 0x13,0x33,0x33,0xaa,0xaa,0xaa,0xaa,0xaa,0x8a,0x33,0x33,0x33,0x33,0x33,0x33,0xaa,0x8a,0xaa,0xaa,0xaa,0xaa,0x33,0x33,0x33,0x13,0x33,0x33,0xaa,0xaa,0xaa,0xaa,0xaa
	db 0x8a,0x33,0x33,0x33,0x33,0x33,0x33,0xaa,0x8a,0xaa,0xaa,0xaa,0xaa,0x33,0x33,0x33,0x13,0x33,0x33,0xaa,0xaa,0xaa,0xaa,0xaa,0x8a,0x33,0x33,0x33,0x33,0x33,0x33,0xaa
	db 0x8a,0xaa,0xaa,0xaa,0xaa,0x33,0x33,0x33,0x13,0x33,0x33,0xaa,0xaa,0xaa,0xaa,0xaa,0x8a,0x33,0x33,0x33,0x33,0x33,0x33,0xaa,0x8a,0xaa,0xaa,0xaa,0xaa,0x33,0x33,0x33
	db 0x13,0x33,0x33,0xaa,0xaa,0xaa,0xaa,0xaa,0x8a,0x33,0x33,0x33,0x33,0x33,0x33,0xaa,0x8a,0xaa,0xaa,0xaa,0xaa,0x33,0x33,0x33,0x13,0x33,0x33,0xaa,0xaa,0xaa,0xaa,0xaa
	db 0x13,0x33,0x3a,0xa3,0x3a,0xaa,0xaa,0xaa,0x83,0x33,0x33,0x3a,0xa3,0x33,0x3a,0xaa,0x8a,0xaa,0xaa,0xa3,0x33,0x33,0x33,0x33,0x13,0x33,0x3a,0xa3,0x3a,0xaa,0xaa,0xaa
	db 0x83,0x33,0x33,0x3a,0xa3,0x33,0x3a,0xaa,0x8a,0xaa,0xaa,0xa3,0x33,0x33,0x33,0x33,0x13,0x33,0x3a,0xa3,0x3a,0xaa,0xaa,0xaa,0x83,0x33,0x33,0x3a,0xa3,0x33,0x3a,0xaa
	db 0x8a,0xaa,0xaa,0xa3,0x33,0x33,0x33,0x33,0x13,0x33,0x3a,0xa3,0x3a,0xaa,0xaa,0xaa,0x83,0x33,0x33,0x3a,0xa3,0x33,0x3a,0xaa,0x8a,0xaa,0xaa,0xa3,0x33,0x33,0x33,0x33
	db 0x13,0x33,0x3a,0xa3,0x3a,0xaa,0xaa,0xaa,0x83,0x33,0x33,0x3a,0xa3,0x33,0x3a,0xaa,0x8a,0xaa,0xaa,0xa3,0x33,0x33,0x33,0x33,0x13,0x33,0x3a,0xa3,0x3a,0xaa,0xaa,0xaa
	db 0x13,0x33,0xaa,0xa3,0x3a,0xaa,0xaa,0xaa,0x13,0x33,0x33,0x3a,0xa3,0x33,0xaa,0xaa,0x8a,0xaa,0xaa,0xa3,0xa3,0x33,0x33,0x33,0x13,0x33,0xaa,0xa3,0x3a,0xaa,0xaa,0xaa
	db 0x13,0x33,0x33,0x3a,0xa3,0x33,0xaa,0xaa,0x8a,0xaa,0xaa,0xa3,0xa3,0x33,0x33,0x33,0x13,0x33,0xaa,0xa3,0x3a,0xaa,0xaa,0xaa,0x13,0x33,0x33,0x3a,0xa3,0x33,0xaa,0xaa
	db 0x8a,0xaa,0xaa,0xa3,0xa3,0x33,0x33,0x33,0x13,0x33,0xaa,0xa3,0x3a,0xaa,0xaa,0xaa,0x13,0x33,0x33,0x3a,0xa3,0x33,0xaa,0xaa,0x8a,0xaa,0xaa,0xa3,0xa3,0x33,0x33,0x33
	db 0x13,0x33,0xaa,0xa3,0x3a,0xaa,0xaa,0xaa,0x13,0x33,0x33,0x3a,0xa3,0x33,0xaa,0xaa,0x8a,0xaa,0xaa,0xa3,0xa3,0x33,0x33,0x33,0x13,0x33,0xaa,0xa3,0x3a,0xaa,0xaa,0xaa
	db 0x13,0x3a,0xaa,0xaa,0xaa,0xaa,0xaa,0xa3,0x13,0x33,0x33,0x33,0x33,0x3a,0xaa,0xaa,0x8a,0xaa,0xaa,0xa3,0x33,0x33,0x33,0x33,0x13,0x3a,0xaa,0xaa,0xaa,0xaa,0xaa,0xa3
	db 0x13,0x33,0x33,0x33,0x33,0x3a,0xaa,0xaa,0x8a,0xaa,0xaa,0xa3,0x33,0x33,0x33,0x33,0x13,0x3a,0xaa,0xaa,0xaa,0xaa,0xaa,0xa3,0x13,0x33,0x33,0x33,0x33,0x3a,0xaa,0xaa
	db 0x8a,0xaa,0xaa,0xa3,0x33,0x33,0x33,0x33,0x13,0x3a,0xaa,0xaa,0xaa,0xaa,0xaa,0xa3,0x13,0x33,0x33,0x33,0x33,0x3a,0xaa,0xaa,0x8a,0xaa,0xaa,0xa3,0x33,0x33,0x33,0x33
	db 0x13,0x3a,0xaa,0xaa,0xaa,0xaa,0xaa,0xa3,0x13,0x33,0x33,0x33,0x33,0x3a,0xaa,0xaa,0x8a,0xaa,0xaa,0xa3,0x33,0x33,0x33,0x33,0x13,0x3a,0xaa,0xaa,0xaa,0xaa,0xaa,0xa3
	db 0x13,0xaa,0xaa,0xaa,0xaa,0xaa,0xaa,0x33,0x13,0x33,0x33,0x33,0x33,0xaa,0xaa,0xaa,0x8a,0xaa,0xaa,0x33,0x33,0x33,0x33,0x33,0x13,0xaa,0xaa,0xaa,0xaa,0xaa,0xaa,0x33
	db 0x13,0x33,0x33,0x33,0x33,0xaa,0xaa,0xaa,0x8a,0xaa,0xaa,0x33,0x33,0x33,0x33,0x33,0x13,0xaa,0xaa,0xaa,0xaa,0xaa,0xaa,0x33,0x13,0x33,0x33,0x33,0x33,0xaa,0xaa,0xaa
	db 0x8a,0xaa,0xaa,0x33,0x33,0x33,0x33,0x33,0x13,0xaa,0xaa,0xaa,0xaa,0xaa,0xaa,0x33,0x13,0x33,0x33,0x33,0x33,0xaa,0xaa,0xaa,0x8a,0xaa,0xaa,0x33,0x33,0x33,0x33,0x33
	db 0x13,0xaa,0xaa,0xaa,0xaa,0xaa,0xaa,0x33,0x13,0x33,0x33,0x33,0x33,0xaa,0xaa,0xaa,0x8a,0xaa,0xaa,0x33,0x33,0x33,0x33,0x33,0x13,0xaa,0xaa,0xaa,0xaa,0xaa,0xaa,0x33
	db 0x1a,0xaa,0xaa,0xaa,0xaa,0xaa,0xa3,0x33,0x13,0x33,0x33,0x33,0x3a,0xaa,0xaa,0xaa,0x8a,0xaa,0xa3,0x33,0x33,0x33,0x33,0x33,0x1a,0xaa,0xaa,0xaa,0xaa,0xaa,0xa3,0x33
	db 0x13,0x33,0x33,0x33,0x3a,0xaa,0xaa,0xaa,0x8a,0xaa,0xa3,0x33,0x33,0x33,0x33,0x33,0x1a,0xaa,0xaa,0xaa,0xaa,0xaa,0xa3,0x33,0x13,0x33,0x33,0x33,0x3a,0xaa,0xaa,0xaa
	db 0x8a,0xaa,0xa3,0x33,0x33,0x33,0x33,0x33,0x1a,0xaa,0xaa,0xaa,0xaa,0xaa,0xa3,0x33,0x13,0x33,0x33,0x33,0x3a,0xaa,0xaa,0xaa,0x8a,0xaa,0xa3,0x33,0x33,0x33,0x33,0x33
	db 0x1a,0xaa,0xaa,0xaa,0xaa,0xaa,0xa3,0x33,0x13,0x33,0x33,0x33,0x3a,0xaa,0xaa,0xaa,0x8a,0xaa,0xa3,0x33,0x33,0x33,0x33,0x33,0x1a,0xaa,0xaa,0xaa,0xaa,0xaa,0xa3,0x33
	db 0x8a,0xaa,0xaa,0xaa,0xaa,0xaa,0x33,0x33,0x13,0x33,0x33,0x33,0xaa,0xaa,0xaa,0xaa,0x8a,0xaa,0x33,0x33,0x33,0x33,0x33,0x33,0x8a,0xaa,0xaa,0xaa,0xaa,0xaa,0x33,0x33
	db 0x13,0x33,0x33,0x33,0xaa,0xaa,0xaa,0xaa,0x8a,0xaa,0x33,0x33,0x33,0x33,0x33,0x33,0x8a,0xaa,0xaa,0xaa,0xaa,0xaa,0x33,0x33,0x13,0x33,0x33,0x33,0xaa,0xaa,0xaa,0xaa
	db 0x8a,0xaa,0x33,0x33,0x33,0x33,0x33,0x33,0x8a,0xaa,0xaa,0xaa,0xaa,0xaa,0x33,0x33,0x13,0x33,0x33,0x33,0xaa,0xaa,0xaa,0xaa,0x8a,0xaa,0x33,0x33,0x33,0x33,0x33,0x33
	db 0x8a,0xaa,0xaa,0xaa,0xaa,0xaa,0x33,0x33,0x13,0x33,0x33,0x33,0xaa,0xaa,0xaa,0xaa,0x8a,0xaa,0x33,0x33,0x33,0x33,0x33,0x33,0x8a,0xaa,0xaa,0xaa,0xaa,0xaa,0x33,0x33
	db 0x8a,0xaa,0xaa,0xaa,0xaa,0xa3,0x33,0x33,0x13,0x33,0x33,0x3a,0xaa,0xaa,0xaa,0xaa,0x8a,0xa3,0x33,0x33,0x33,0x33,0x33,0x3a,0x8a,0xaa,0xaa,0xaa,0xaa,0xa3,0x33,0x33
	db 0x13,0x33,0x33,0x3a,0xaa,0xaa,0xaa,0xaa,0x8a,0xa3,0x33,0x33,0x33,0x33,0x33,0x3a,0x8a,0xaa,0xaa,0xaa,0xaa,0xa3,0x33,0x33,0x13,0x33,0x33,0x3a,0xaa,0xaa,0xaa,0xaa
	db 0x8a,0xa3,0x33,0x33,0x33,0x33,0x33,0x3a,0x8a,0xaa,0xaa,0xaa,0xaa,0xa3,0x33,0x33,0x13,0x33,0x33,0x3a,0xaa,0xaa,0xaa,0xaa,0x8a,0xa3,0x33,0x33,0x33,0x33,0x33,0x3a
	db 0x8a,0xaa,0xaa,0xaa,0xaa,0xa3,0x33,0x33,0x13,0x33,0x33,0x3a,0xaa,0xaa,0xaa,0xaa,0x8a,0xa3,0x33,0x33,0x33,0x33,0x33,0x3a,0x8a,0xaa,0xaa,0xaa,0xaa,0xa3,0x33,0x33
	db 0x8a,0xaa,0xaa,0xaa,0xaa,0x33,0x33,0x33,0x13,0x33,0x33,0xaa,0xaa,0xaa,0xaa,0xaa,0x8a,0x33,0x33,0x33,0x33,0x33,0x33,0xaa,0x8a,0xaa,0xaa,0xaa,0xaa,0x33,0x33,0x33
	db 0x13,0x33,0x33,0xaa,0xaa,0xaa,0xaa,0xaa,0x8a,0x33,0x33,0x33,0x33,0x33,0x33,0xaa,0x8a,0xaa,0xaa,0xaa,0xaa,0x33,0x33,0x33,0x13,0x33,0x33,0xaa,0xaa,0xaa,0xaa,0xaa
	db 0x8a,0x33,0x33,0x33,0x33,0x33,0x33,0xaa,0x8a,0xaa,0xaa,0xaa,0xaa,0x33,0x33,0x33,0x13,0x33,0x33,0xaa,0xaa,0xaa,0xaa,0xaa,0x8a,0x33,0x33,0x33,0x33,0x33,0x33,0xaa
	db 0x8a,0xaa,0xaa,0xaa,0xaa,0x33,0x33,0x33,0x13,0x33,0x33,0xaa,0xaa,0xaa,0xaa,0xaa,0x8a,0x33,0x33,0x33,0x33,0x33,0x33,0xaa,0x8a,0xaa,0xaa,0xaa,0xaa,0x33,0x33,0x33
	db 0x8a,0xaa,0xaa,0xaa,0xa3,0x33,0x33,0x33,0x13,0x33,0x3a,0xaa,0xaa,0xaa,0xaa,0xaa,0x83,0x33,0x33,0x33,0x33,0x33,0x3a,0xaa,0x8a,0xaa,0xaa,0xaa,0xa3,0x33,0x33,0x33
	db 0x13,0x33,0x3a,0xaa,0xaa,0xaa,0xaa,0xaa,0x83,0x33,0x33,0x33,0x33,0x33,0x3a,0xaa,0x8a,0xaa,0xaa,0xaa,0xa3,0x33,0x33,0x33,0x13,0x33,0x3a,0xaa,0xaa,0xaa,0xaa,0xaa
	db 0x83,0x33,0x33,0x33,0x33,0x33,0x3a,0xaa,0x8a,0xaa,0xaa,0xaa,0xa3,0x33,0x33,0x33,0x13,0x33,0x3a,0xaa,0xaa,0xaa,0xaa,0xaa,0x83,0x33,0x33,0x33,0x33,0x33,0x3a,0xaa
	db 0x8a,0xaa,0xaa,0xaa,0xa3,0x33,0x33,0x33,0x13,0x33,0x3a,0xaa,0xaa,0xaa,0xaa,0xaa,0x83,0x33,0x33,0x33,0x33,0x33,0x3a,0xaa,0x8a,0xaa,0xaa,0xaa,0xa3,0x33,0x33,0x33
	db 0x88,0x88,0x88,0x88,0x11,0x11,0x11,0x11,0x11,0x11,0x88,0x88,0x88,0x88,0x88,0x88,0x11,0x11,0x11,0x11,0x11,0x11,0x88,0x88,0x88,0x88,0x88,0x88,0x11,0x11,0x11,0x11
	db 0x11,0x11,0x88,0x88,0x88,0x88,0x88,0x88,0x11,0x11,0x11,0x11,0x11,0x11,0x88,0x88,0x88,0x88,0x88,0x88,0x11,0x11,0x11,0x11,0x11,0x11,0x88,0x88,0x88,0x88,0x88,0x88
	db 0x11,0x11,0x11,0x11,0x11,0x11,0x88,0x88,0x88,0x88,0x88,0x88,0x11,0x11,0x11,0x11,0x11,0x11,0x88,0x88,0x88,0x88,0x88,0x88,0x11,0x11,0x11,0x11,0x11,0x11,0x88,0x88
	db 0x88,0x88,0x88,0x88,0x11,0x11,0x11,0x11,0x11,0x11,0x88,0x88,0x88,0x88,0x88,0x88,0x11,0x11,0x11,0x11,0x11,0x11,0x88,0x88,0x88,0x88,0x88,0x88,0x11,0x11,0x11,0x11
	db 0x8a,0xaa,0xaa,0xa3,0x33,0x33,0x33,0x33,0x13,0x3a,0xaa,0xaa,0xaa,0xaa,0xaa,0xa3,0x13,0x33,0x33,0x33,0x33,0x3a,0xaa,0xaa,0x8a,0xaa,0xaa,0xa3,0x33,0x33,0x33,0x33
	db 0x13,0x3a,0xaa,0xaa,0xaa,0xaa,0xaa,0xa3,0x13,0x33,0x33,0x33,0x33,0x3a,0xaa,0xaa,0x8a,0xaa,0xaa,0xa3,0x33,0x33,0x33,0x33,0x13,0x3a,0xaa,0xaa,0xaa,0xaa,0xaa,0xa3
	db 0x13,0x33,0x33,0x33,0x33,0x3a,0xaa,0xaa,0x8a,0xaa,0xaa,0xa3,0x33,0x33,0x33,0x33,0x13,0x3a,0xaa,0xaa,0xaa,0xaa,0xaa,0xa3,0x13,0x33,0x33,0x33,0x33,0x3a,0xaa,0xaa
	db 0x8a,0xaa,0xaa,0xa3,0x33,0x33,0x33,0x33,0x13,0x3a,0xaa,0xaa,0xaa,0xaa,0xaa,0xa3,0x13,0x33,0x33,0x33,0x33,0x3a,0xaa,0xaa,0x8a,0xaa,0xaa,0xa3,0x33,0x33,0x33,0x33
	db 0x8a,0xaa,0xaa,0x33,0x33,0x33,0x33,0x33,0x13,0xaa,0xaa,0xaa,0xaa,0xaa,0xaa,0x33,0x13,0x33,0x33,0x33,0x33,0xaa,0xaa,0xaa,0x8a,0xaa,0xaa,0x33,0x33,0x33,0x33,0x33
	db 0x13,0xaa,0xaa,0xaa,0xaa,0xaa,0xaa,0x33,0x13,0x33,0x33,0x33,0x33,0xaa,0xaa,0xaa,0x8a,0xaa,0xaa,0x33,0x33,0x33,0x33,0x33,0x13,0xaa,0xaa,0xaa,0xaa,0xaa,0xaa,0x33
	db 0x13,0x33,0x33,0x33,0x33,0xaa,0xaa,0xaa,0x8a,0xaa,0xaa,0x33,0x33,0x33,0x33,0x33,0x13,0xaa,0xaa,0xaa,0xaa,0xaa,0xaa,0x33,0x13,0x33,0x33,0x33,0x33,0xaa,0xaa,0xaa
	db 0x8a,0xaa,0xaa,0x33,0x33,0x33,0x33,0x33,0x13,0xaa,0xaa,0xaa,0xaa,0xaa,0xaa,0x33,0x13,0x33,0x33,0x33,0x33,0xaa,0xaa,0xaa,0x8a,0xaa,0xaa,0x33,0x33,0x33,0x33,0x33
	db 0x8a,0xaa,0xa3,0x33,0x33,0x33,0x33,0x33,0x1a,0xaa,0xaa,0xaa,0xaa,0xaa,0xa3,0x33,0x13,0x33,0x33,0x33,0x3a,0xaa,0xaa,0xaa,0x8a,0xaa,0xa3,0x33,0x33,0x33,0x33,0x33
	db 0x1a,0xaa,0xaa,0xaa,0xaa,0xaa,0xa3,0x33,0x13,0x33,0x33,0x33,0x3a,0xaa,0xaa,0xaa,0x8a,0xaa,0xa3,0x33,0x33,0x33,0x33,0x33,0x1a,0xaa,0xaa,0xaa,0xaa,0xaa,0xa3,0x33
	db 0x13,0x33,0x33,0x33,0x3a,0xaa,0xaa,0xaa,0x8a,0xaa,0xa3,0x33,0x33,0x33,0x33,0x33,0x1a,0xaa,0xaa,0xaa,0xaa,0xaa,0xa3,0x33,0x13,0x33,0x33,0x33,0x3a,0xaa,0xaa,0xaa
	db 0x8a,0xaa,0xa3,0x33,0x33,0x33,0x33,0x33,0x1a,0xaa,0xaa,0xaa,0xaa,0xaa,0xa3,0x33,0x13,0x33,0x33,0x33,0x3a,0xaa,0xaa,0xaa,0x8a,0xaa,0xa3,0x33,0x33,0x33,0x33,0x33
	db 0x8a,0xaa,0x33,0x33,0x33,0x33,0x33,0x33,0x8a,0xaa,0xaa,0xaa,0xaa,0xaa,0x33,0x33,0x13,0x33,0x33,0x33,0xaa,0xaa,0xaa,0xaa,0x8a,0xaa,0x33,0x33,0x33,0x33,0x33,0x33
	db 0x8a,0xaa,0xaa,0xaa,0xaa,0xaa,0x33,0x33,0x13,0x33,0x33,0x33,0xaa,0xaa,0xaa,0xaa,0x8a,0xaa,0x33,0x33,0x33,0x33,0x33,0x33,0x8a,0xaa,0xaa,0xaa,0xaa,0xaa,0x33,0x33
	db 0x13,0x33,0x33,0x33,0xaa,0xaa,0xaa,0xaa,0x8a,0xaa,0x33,0x33,0x33,0x33,0x33,0x33,0x8a,0xaa,0xaa,0xaa,0xaa,0xaa,0x33,0x33,0x13,0x33,0x33,0x33,0xaa,0xaa,0xaa,0xaa
	db 0x8a,0xaa,0x33,0x33,0x33,0x33,0x33,0x33,0x8a,0xaa,0xaa,0xaa,0xaa,0xaa,0x33,0x33,0x13,0x33,0x33,0x33,0xaa,0xaa,0xaa,0xaa,0x8a,0xaa,0x33,0x33,0x33,0x33,0x33,0x33
	db 0x8a,0xa3,0x33,0x33,0x33,0x33,0x33,0x3a,0x8a,0xaa,0xaa,0xaa,0xaa,0xa3,0x33,0x33,0x13,0x33,0x33,0x3a,0xaa,0xaa,0xaa,0xaa,0x8a,0xa3,0x33,0x33,0x33,0x33,0x33,0x3a
	db 0x8a,0xaa,0xaa,0xaa,0xaa,0xa3,0x33,0x33,0x13,0x33,0x33,0x3a,0xaa,0xaa,0xaa,0xaa,0x8a,0xa3,0x33,0x33,0x33,0x33,0x33,0x3a,0x8a,0xaa,0xaa,0xaa,0xaa,0xa3,0x33,0x33
	db 0x13,0x33,0x33,0x3a,0xaa,0xaa,0xaa,0xaa,0x8a,0xa3,0x33,0x33,0x33,0x33,0x33,0x3a,0x8a,0xaa,0xaa,0xaa,0xaa,0xa3,0x33,0x33,0x13,0x33,0x33,0x3a,0xaa,0xaa,0xaa,0xaa
	db 0x8a,0xa3,0x33,0x33,0x33,0x33,0x33,0x3a,0x8a,0xaa,0xaa,0xaa,0xaa,0xa3,0x33,0x33,0x13,0x33,0x33,0x3a,0xaa,0xaa,0xaa,0xaa,0x8a,0xa3,0x33,0x33,0x33,0x33,0x33,0x3a
	db 0x8a,0x33,0x33,0x33,0x33,0x33,0x33,0xaa,0x8a,0xaa,0xaa,0xaa,0xaa,0x33,0x33,0x33,0x13,0x33,0x33,0xaa,0xaa,0xaa,0xaa,0xaa,0x8a,0x33,0x33,0x33,0x33,0x33,0x33,0xaa
	db 0x8a,0xaa,0xaa,0xaa,0xaa,0x33,0x33,0x33,0x13,0x33,0x33,0xaa,0xaa,0xaa,0xaa,0xaa,0x8a,0x33,0x33,0x33,0x33,0x33,0x33,0xaa,0x8a,0xaa,0xaa,0xaa,0xaa,0x33,0x33,0x33
	db 0x13,0x33,0x33,0xaa,0xaa,0xaa,0xaa,0xaa,0x8a,0x33,0x33,0x33,0x33,0x33,0x33,0xaa,0x8a,0xaa,0xaa,0xaa,0xaa,0x33,0x33,0x33,0x13,0x33,0x33,0xaa,0xaa,0xaa,0xaa,0xaa
	db 0x8a,0x33,0x33,0x33,0x33,0x33,0x33,0xaa,0x8a,0xaa,0xaa,0xaa,0xaa,0x33,0x33,0x33,0x13,0x33,0x33,0xaa,0xaa,0xaa,0xaa,0xaa,0x8a,0x33,0x33,0x33,0x33,0x33,0x33,0xaa
	db 0x83,0x33,0x33,0x3a,0xa3,0x33,0x3a,0xaa,0x8a,0xaa,0xaa,0xa3,0x33,0x33,0x33,0x33,0x13,0x33,0x3a,0xa3,0x3a,0xaa,0xaa,0xaa,0x83,0x33,0x33,0x3a,0xa3,0x33,0x3a,0xaa
	db 0x8a,0xaa,0xaa,0xa3,0x33,0x33,0x33,0x33,0x13,0x33,0x3a,0xa3,0x3a,0xaa,0xaa,0xaa,0x83,0x33,0x33,0x3a,0xa3,0x33,0x3a,0xaa,0x8a,0xaa,0xaa,0xa3,0x33,0x33,0x33,0x33
	db 0x13,0x33,0x3a,0xa3,0x3a,0xaa,0xaa,0xaa,0x83,0x33,0x33,0x3a,0xa3,0x33,0x3a,0xaa,0x8a,0xaa,0xaa,0xa3,0x33,0x33,0x33,0x33,0x13,0x33,0x3a,0xa3,0x3a,0xaa,0xaa,0xaa
	db 0x83,0x33,0x33,0x3a,0xa3,0x33,0x3a,0xaa,0x8a,0xaa,0xaa,0xa3,0x33,0x33,0x33,0x33,0x13,0x33,0x3a,0xa3,0x3a,0xaa,0xaa,0xaa,0x83,0x33,0x33,0x3a,0xa3,0x33,0x3a,0xaa
	db 0x13,0x33,0x33,0x3a,0xa3,0x33,0xaa,0xaa,0x8a,0xaa,0xaa,0xa3,0xa3,0x33,0x33,0x33,0x13,0x33,0xaa,0xa3,0x3a,0xaa,0xaa,0xaa,0x13,0x33,0x33,0x3a,0xa3,0x33,0xaa,0xaa
	db 0x8a,0xaa,0xaa,0xa3,0xa3,0x33,0x33,0x33,0x13,0x33,0xaa,0xa3,0x3a,0xaa,0xaa,0xaa,0x13,0x33,0x33,0x3a,0xa3,0x33,0xaa,0xaa,0x8a,0xaa,0xaa,0xa3,0xa3,0x33,0x33,0x33
	db 0x13,0x33,0xaa,0xa3,0x3a,0xaa,0xaa,0xaa,0x13,0x33,0x33,0x3a,0xa3,0x33,0xaa,0xaa,0x8a,0xaa,0xaa,0xa3,0xa3,0x33,0x33,0x33,0x13,0x33,0xaa,0xa3,0x3a,0xaa,0xaa,0xaa
	db 0x13,0x33,0x33,0x3a,0xa3,0x33,0xaa,0xaa,0x8a,0xaa,0xaa,0xa3,0xa3,0x33,0x33,0x33,0x13,0x33,0xaa,0xa3,0x3a,0xaa,0xaa,0xaa,0x13,0x33,0x33,0x3a,0xa3,0x33,0xaa,0xaa
	db 0x13,0x33,0x33,0x33,0x33,0x3a,0xaa,0xaa,0x8a,0xaa,0xaa,0xa3,0x33,0x33,0x33,0x33,0x13,0x3a,0xaa,0xaa,0xaa,0xaa,0xaa,0xa3,0x13,0x33,0x33,0x33,0x33,0x3a,0xaa,0xaa
	db 0x8a,0xaa,0xaa,0xa3,0x33,0x33,0x33,0x33,0x13,0x3a,0xaa,0xaa,0xaa,0xaa,0xaa,0xa3,0x13,0x33,0x33,0x33,0x33,0x3a,0xaa,0xaa,0x8a,0xaa,0xaa,0xa3,0x33,0x33,0x33,0x33
	db 0x13,0x3a,0xaa,0xaa,0xaa,0xaa,0xaa,0xa3,0x13,0x33,0x33,0x33,0x33,0x3a,0xaa,0xaa,0x8a,0xaa,0xaa,0xa3,0x33,0x33,0x33,0x33,0x13,0x3a,0xaa,0xaa,0xaa,0xaa,0xaa,0xa3
	db 0x13,0x33,0x33,0x33,0x33,0x3a,0xaa,0xaa,0x8a,0xaa,0xaa,0xa3,0x33,0x33,0x33,0x33,0x13,0x3a,0xaa,0xaa,0xaa,0xaa,0xaa,0xa3,0x13,0x33,0x33,0x33,0x33,0x3a,0xaa,0xaa
	db 0x13,0x33,0x33,0x33,0x33,0xaa,0xaa,0xaa,0x8a,0xaa,0xaa,0x33,0x33,0x33,0x33,0x33,0x13,0xaa,0xaa,0xaa,0xaa,0xaa,0xaa,0x33,0x13,0x33,0x33,0x33,0x33,0xaa,0xaa,0xaa
	db 0x8a,0xaa,0xaa,0x33,0x33,0x33,0x33,0x33,0x13,0xaa,0xaa,0xaa,0xaa,0xaa,0xaa,0x33,0x13,0x33,0x33,0x33,0x33,0xaa,0xaa,0xaa,0x8a,0xaa,0xaa,0x33,0x33,0x33,0x33,0x33
	db 0x13,0xaa,0xaa,0xaa,0xaa,0xaa,0xaa,0x33,0x13,0x33,0x33,0x33,0x33,0xaa,0xaa,0xaa,0x8a,0xaa,0xaa,0x33,0x33,0x33,0x33,0x33,0x13,0xaa,0xaa,0xaa,0xaa,0xaa,0xaa,0x33
	db 0x13,0x33,0x33,0x33,0x33,0xaa,0xaa,0xaa,0x8a,0xaa,0xaa,0x33,0x33,0x33,0x33,0x33,0x13,0xaa,0xaa,0xaa,0xaa,0xaa,0xaa,0x33,0x13,0x33,0x33,0x33,0x33,0xaa,0xaa,0xaa
	db 0x13,0x33,0x33,0x33,0x3a,0xaa,0xaa,0xaa,0x8a,0xaa,0xa3,0x33,0x33,0x33,0x33,0x33,0x1a,0xaa,0xaa,0xaa,0xaa,0xaa,0xa3,0x33,0x13,0x33,0x33,0x33,0x3a,0xaa,0xaa,0xaa
	db 0x8a,0xaa,0xa3,0x33,0x33,0x33,0x33,0x33,0x1a,0xaa,0xaa,0xaa,0xaa,0xaa,0xa3,0x33,0x13,0x33,0x33,0x33,0x3a,0xaa,0xaa,0xaa,0x8a,0xaa,0xa3,0x33,0x33,0x33,0x33,0x33
	db 0x1a,0xaa,0xaa,0xaa,0xaa,0xaa,0xa3,0x33,0x13,0x33,0x33,0x33,0x3a,0xaa,0xaa,0xaa,0x8a,0xaa,0xa3,0x33,0x33,0x33,0x33,0x33,0x1a,0xaa,0xaa,0xaa,0xaa,0xaa,0xa3,0x33
	db 0x13,0x33,0x33,0x33,0x3a,0xaa,0xaa,0xaa,0x8a,0xaa,0xa3,0x33,0x33,0x33,0x33,0x33,0x1a,0xaa,0xaa,0xaa,0xaa,0xaa,0xa3,0x33,0x13,0x33,0x33,0x33,0x3a,0xaa,0xaa,0xaa
	db 0x13,0x33,0x33,0x33,0xaa,0xaa,0xaa,0xaa,0x8a,0xaa,0x33,0x33,0x33,0x33,0x33,0x33,0x8a,0xaa,0xaa,0xaa,0xaa,0xaa,0x33,0x33,0x13,0x33,0x33,0x33,0xaa,0xaa,0xaa,0xaa
	db 0x8a,0xaa,0x33,0x33,0x33,0x33,0x33,0x33,0x8a,0xaa,0xaa,0xaa,0xaa,0xaa,0x33,0x33,0x13,0x33,0x33,0x33,0xaa,0xaa,0xaa,0xaa,0x8a,0xaa,0x33,0x33,0x33,0x33,0x33,0x33
	db 0x8a,0xaa,0xaa,0xaa,0xaa,0xaa,0x33,0x33,0x13,0x33,0x33,0x33,0xaa,0xaa,0xaa,0xaa,0x8a,0xaa,0x33,0x33,0x33,0x33,0x33,0x33,0x8a,0xaa,0xaa,0xaa,0xaa,0xaa,0x33,0x33
	db 0x13,0x33,0x33,0x33,0xaa,0xaa,0xaa,0xaa,0x8a,0xaa,0x33,0x33,0x33,0x33,0x33,0x33,0x8a,0xaa,0xaa,0xaa,0xaa,0xaa,0x33,0x33,0x13,0x33,0x33,0x33,0xaa,0xaa,0xaa,0xaa
	db 0x13,0x33,0x33,0x3a,0xaa,0xaa,0xaa,0xaa,0x8a,0xa3,0x33,0x33,0x33,0x33,0x33,0x3a,0x8a,0xaa,0xaa,0xaa,0xaa,0xa3,0x33,0x33,0x13,0x33,0x33,0x3a,0xaa,0xaa,0xaa,0xaa
	db 0x8a,0xa3,0x33,0x33,0x33,0x33,0x33,0x3a,0x8a,0xaa,0xaa,0xaa,0xaa,0xa3,0x33,0x33,0x13,0x33,0x33,0x3a,0xaa,0xaa,0xaa,0xaa,0x8a,0xa3,0x33,0x33,0x33,0x33,0x33,0x3a
	db 0x8a,0xaa,0xaa,0xaa,0xaa,0xa3,0x33,0x33,0x13,0x33,0x33,0x3a,0xaa,0xaa,0xaa,0xaa,0x8a,0xa3,0x33,0x33,0x33,0x33,0x33,0x3a,0x8a,0xaa,0xaa,0xaa,0xaa,0xa3,0x33,0x33
	db 0x13,0x33,0x33,0x3a,0xaa,0xaa,0xaa,0xaa,0x8a,0xa3,0x33,0x33,0x33,0x33,0x33,0x3a,0x8a,0xaa,0xaa,0xaa,0xaa,0xa3,0x33,0x33,0x13,0x33,0x33,0x3a,0xaa,0xaa,0xaa,0xaa
	db 0x13,0x33,0x33,0xaa,0xaa,0xaa,0xaa,0xaa,0x8a,0x33,0x33,0x33,0x33,0x33,0x33,0xaa,0x8a,0xaa,0xaa,0xaa,0xaa,0x33,0x33,0x33,0x13,0x33,0x33,0xaa,0xaa,0xaa,0xaa,0xaa
	db 0x8a,0x33,0x33,0x33,0x33,0x33,0x33,0xaa,0x8a,0xaa,0xaa,0xaa,0xaa,0x33,0x33,0x33,0x13,0x33,0x33,0xaa,0xaa,0xaa,0xaa,0xaa,0x8a,0x33,0x33,0x33,0x33,0x33,0x33,0xaa
	db 0x8a,0xaa,0xaa,0xaa,0xaa,0x33,0x33,0x33,0x13,0x33,0x33,0xaa,0xaa,0xaa,0xaa,0xaa,0x8a,0x33,0x33,0x33,0x33,0x33,0x33,0xaa,0x8a,0xaa,0xaa,0xaa,0xaa,0x33,0x33,0x33
	db 0x13,0x33,0x33,0xaa,0xaa,0xaa,0xaa,0xaa,0x8a,0x33,0x33,0x33,0x33,0x33,0x33,0xaa,0x8a,0xaa,0xaa,0xaa,0xaa,0x33,0x33,0x33,0x13,0x33,0x33,0xaa,0xaa,0xaa,0xaa,0xaa
	db 0x13,0x33,0x3a,0xaa,0xaa,0xaa,0xaa,0xaa,0x83,0x33,0x33,0x33,0x33,0x33,0x3a,0xaa,0x8a,0xaa,0xaa,0xaa,0xa3,0x33,0x33,0x33,0x13,0x33,0x3a,0xaa,0xaa,0xaa,0xaa,0xaa
	db 0x83,0x33,0x33,0x33,0x33,0x33,0x3a,0xaa,0x8a,0xaa,0xaa,0xaa,0xa3,0x33,0x33,0x33,0x13,0x33,0x3a,0xaa,0xaa,0xaa,0xaa,0xaa,0x83,0x33,0x33,0x33,0x33,0x33,0x3a,0xaa
	db 0x8a,0xaa,0xaa,0xaa,0xa3,0x33,0x33,0x33,0x13,0x33,0x3a,0xaa,0xaa,0xaa,0xaa,0xaa,0x83,0x33,0x33,0x33,0x33,0x33,0x3a,0xaa,0x8a,0xaa,0xaa,0xaa,0xa3,0x33,0x33,0x33
	db 0x13,0x33,0x3a,0xaa,0xaa,0xaa,0xaa,0xaa,0x83,0x33,0x33,0x33,0x33,0x33,0x3a,0xaa,0x8a,0xaa,0xaa,0xaa,0xa3,0x33,0x33,0x33,0x13,0x33,0x3a,0xaa,0xaa,0xaa,0xaa,0xaa
	db 0x11,0x11,0x11,0x11,0x11,0x11,0x88,0x88,0x88,0x88,0x88,0x88,0x11,0x11,0x11,0x11,0x11,0x11,0x88,0x88,0x88,0x88,0x88,0x88,0x11,0x11,0x11,0x11,0x11,0x11,0x88,0x88
	db 0x88,0x88,0x88,0x88,0x11,0x11,0x11,0x11,0x11,0x11,0x88,0x88,0x88,0x88,0x88,0x88,0x11,0x11,0x11,0x11,0x11,0x11,0x88,0x88,0x88,0x88,0x88,0x88,0x11,0x11,0x11,0x11
	db 0x11,0x11,0x88,0x88,0x88,0x88,0x88,0x88,0x11,0x11,0x11,0x11,0x11,0x11,0x88,0x88,0x88,0x88,0x88,0x88,0x11,0x11,0x11,0x11,0x11,0x11,0x88,0x88,0x88,0x88,0x88,0x88
	db 0x11,0x11,0x11,0x11,0x11,0x11,0x88,0x88,0x88,0x88,0x88,0x88,0x11,0x11,0x11,0x11,0x11,0x11,0x88,0x88,0x88,0x88,0x88,0x88,0x11,0x11,0x11,0x11,0x11,0x11,0x88,0x88
	db 0x14,0x44,0x44,0x44,0x44,0x4b,0xbb,0xbb,0x8b,0xbb,0xbb,0xb4,0x44,0x44,0x44,0x44,0x14,0x4b,0xbb,0xbb,0xbb,0xbb,0xbb,0xb4,0x14,0x44,0x44,0x44,0x44,0x4b,0xbb,0xbb
	db 0x8b,0xbb,0xbb,0xb4,0x44,0x44,0x44,0x44,0x14,0x4b,0xbb,0xbb,0xbb,0xbb,0xbb,0xb4,0x14,0x44,0x44,0x44,0x44,0x4b,0xbb,0xbb,0x8b,0xbb,0xbb,0xb4,0x44,0x44,0x44,0x44
	db 0x14,0x4b,0xbb,0xbb,0xbb,0xbb,0xbb,0xb4,0x14,0x44,0x44,0x44,0x44,0x4b,0xbb,0xbb,0x8b,0xbb,0xbb,0xb4,0x44,0x44,0x44,0x44,0x14,0x4b,0xbb,0xbb,0xbb,0xbb,0xbb,0xb4
	db 0x14,0x44,0x44,0x44,0x44,0x4b,0xbb,0xbb,0x8b,0xbb,0xbb,0xb4,0x44,0x44,0x44,0x44,0x14,0x4b,0xbb,0xbb,0xbb,0xbb,0xbb,0xb4,0x14,0x44,0x44,0x44,0x44,0x4b,0xbb,0xbb
	db 0x14,0x44,0x44,0x44,0x44,0xbb,0xbb,0xbb,0x8b,0xbb,0xbb,0x44,0x44,0x44,0x44,0x44,0x14,0xbb,0xbb,0xbb,0xbb,0xbb,0xbb,0x44,0x14,0x44,0x44,0x44,0x44,0xbb,0xbb,0xbb
	db 0x8b,0xbb,0xbb,0x44,0x44,0x44,0x44,0x44,0x14,0xbb,0xbb,0xbb,0xbb,0xbb,0xbb,0x44,0x14,0x44,0x44,0x44,0x44,0xbb,0xbb,0xbb,0x8b,0xbb,0xbb,0x44,0x44,0x44,0x44,0x44
	db 0x14,0xbb,0xbb,0xbb,0xbb,0xbb,0xbb,0x44,0x14,0x44,0x44,0x44,0x44,0xbb,0xbb,0xbb,0x8b,0xbb,0xbb,0x44,0x44,0x44,0x44,0x44,0x14,0xbb,0xbb,0xbb,0xbb,0xbb,0xbb,0x44
	db 0x14,0x44,0x44,0x44,0x44,0xbb,0xbb,0xbb,0x8b,0xbb,0xbb,0x44,0x44,0x44,0x44,0x44,0x14,0xbb,0xbb,0xbb,0xbb,0xbb,0xbb,0x44,0x14,0x44,0x44,0x44,0x44,0xbb,0xbb,0xbb
	db 0x14,0x44,0x44,0x44,0x4b,0xbb,0xbb,0xbb,0x8b,0xbb,0xb4,0x44,0x44,0x44,0x44,0x44,0x1b,0xbb,0xbb,0xbb,0xbb,0xbb,0xb4,0x44,0x14,0x44,0x44,0x44,0x4b,0xbb,0xbb,0xbb
	db 0x8b,0xbb,0xb4,0x44,0x44,0x44,0x44,0x44,0x1b,0xbb,0xbb,0xbb,0xbb,0xbb,0xb4,0x44,0x14,0x44,0x44,0x44,0x4b,0xbb,0xbb,0xbb,0x8b,0xbb,0xb4,0x44,0x44,0x44,0x44,0x44
	db 0x1b,0xbb,0xbb,0xbb,0xbb,0xbb,0xb4,0x44,0x14,0x44,0x44,0x44,0x4b,0xbb,0xbb,0xbb,0x8b,0xbb,0xb4,0x44,0x44,0x44,0x44,0x44,0x1b,0xbb,0xbb,0xbb,0xbb,0xbb,0xb4,0x44
	db 0x14,0x44,0x44,0x44,0x4b,0xbb,0xbb,0xbb,0x8b,0xbb,0xb4,0x44,0x44,0x44,0x44,0x44,0x1b,0xbb,0xbb,0xbb,0xbb,0xbb,0xb4,0x44,0x14,0x44,0x44,0x44,0x4b,0xbb,0xbb,0xbb
	db 0x14,0x44,0x44,0x44,0xbb,0xbb,0xbb,0xbb,0x8b,0xbb,0x44,0x44,0x44,0x44,0x44,0x44,0x8b,0xbb,0xbb,0xbb,0xbb,0xbb,0x44,0x44,0x14,0x44,0x44,0x44,0xbb,0xbb,0xbb,0xbb
	db 0x8b,0xbb,0x44,0x44,0x44,0x44,0x44,0x44,0x8b,0xbb,0xbb,0xbb,0xbb,0xbb,0x44,0x44,0x14,0x44,0x44,0x44,0xbb,0xbb,0xbb,0xbb,0x8b,0xbb,0x44,0x44,0x44,0x44,0x44,0x44
	db 0x8b,0xbb,0xbb,0xbb,0xbb,0xbb,0x44,0x44,0x14,0x44,0x44,0x44,0xbb,0xbb,0xbb,0xbb,0x8b,0xbb,0x44,0x44,0x44,0x44,0x44,0x44,0x8b,0xbb,0xbb,0xbb,0xbb,0xbb,0x44,0x44
	db 0x14,0x44,0x44,0x44,0xbb,0xbb,0xbb,0xbb,0x8b,0xbb,0x44,0x44,0x44,0x44,0x44,0x44,0x8b,0xbb,0xbb,0xbb,0xbb,0xbb,0x44,0x44,0x14,0x44,0x44,0x44,0xbb,0xbb,0xbb,0xbb
	db 0x14,0x44,0x44,0x4b,0xbb,0xbb,0xbb,0xbb,0x8b,0xb4,0x44,0x44,0x44,0x44,0x44,0x4b,0x8b,0xbb,0xbb,0xbb,0xbb,0xb4,0x44,0x44,0x14,0x44,0x44,0x4b,0xbb,0xbb,0xbb,0xbb
	db 0x8b,0xb4,0x44,0x44,0x44,0x44,0x44,0x4b,0x8b,0xbb,0xbb,0xbb,0xbb,0xb4,0x44,0x44,0x14,0x44,0x44,0x4b,0xbb,0xbb,0xbb,0xbb,0x8b,0xb4,0x44,0x44,0x44,0x44,0x44,0x4b
	db 0x8b,0xbb,0xbb,0xbb,0xbb,0xb4,0x44,0x44,0x14,0x44,0x44,0x4b,0xbb,0xbb,0xbb,0xbb,0x8b,0xb4,0x44,0x44,0x44,0x44,0x44,0x4b,0x8b,0xbb,0xbb,0xbb,0xbb,0xb4,0x44,0x44
	db 0x14,0x44,0x44,0x4b,0xbb,0xbb,0xbb,0xbb,0x8b,0xb4,0x44,0x44,0x44,0x44,0x44,0x4b,0x8b,0xbb,0xbb,0xbb,0xbb,0xb4,0x44,0x44,0x14,0x44,0x44,0x4b,0xbb,0xbb,0xbb,0xbb
	db 0x14,0x44,0x44,0xbb,0xbb,0xbb,0xbb,0xbb,0x8b,0x44,0x44,0x44,0x44,0x44,0x44,0xbb,0x8b,0xbb,0xbb,0xbb,0xbb,0x44,0x44,0x44,0x14,0x44,0x44,0xbb,0xbb,0xbb,0xbb,0xbb
	db 0x8b,0x44,0x44,0x44,0x44,0x44,0x44,0xbb,0x8b,0xbb,0xbb,0xbb,0xbb,0x44,0x44,0x44,0x14,0x44,0x44,0xbb,0xbb,0xbb,0xbb,0xbb,0x8b,0x44,0x44,0x44,0x44,0x44,0x44,0xbb
	db 0x8b,0xbb,0xbb,0xbb,0xbb,0x44,0x44,0x44,0x14,0x44,0x44,0xbb,0xbb,0xbb,0xbb,0xbb,0x8b,0x44,0x44,0x44,0x44,0x44,0x44,0xbb,0x8b,0xbb,0xbb,0xbb,0xbb,0x44,0x44,0x44
	db 0x14,0x44,0x44,0xbb,0xbb,0xbb,0xbb,0xbb,0x8b,0x44,0x44,0x44,0x44,0x44,0x44,0xbb,0x8b,0xbb,0xbb,0xbb,0xbb,0x44,0x44,0x44,0x14,0x44,0x44,0xbb,0xbb,0xbb,0xbb,0xbb
	db 0x14,0x44,0x4b,0xb4,0x4b,0xbb,0xbb,0xbb,0x84,0x44,0x44,0x4b,0xb4,0x44,0x4b,0xbb,0x8b,0xbb,0xbb,0xb4,0x44,0x44,0x44,0x44,0x14,0x44,0x4b,0xb4,0x4b,0xbb,0xbb,0xbb
	db 0x84,0x44,0x44,0x4b,0xb4,0x44,0x4b,0xbb,0x8b,0xbb,0xbb,0xb4,0x44,0x44,0x44,0x44,0x14,0x44,0x4b,0xb4,0x4b,0xbb,0xbb,0xbb,0x84,0x44,0x44,0x4b,0xb4,0x44,0x4b,0xbb
	db 0x8b,0xbb,0xbb,0xb4,0x44,0x44,0x44,0x44,0x14,0x44,0x4b,0xb4,0x4b,0xbb,0xbb,0xbb,0x84,0x44,0x44,0x4b,0xb4,0x44,0x4b,0xbb,0x8b,0xbb,0xbb,0xb4,0x44,0x44,0x44,0x44
	db 0x14,0x44,0x4b,0xb4,0x4b,0xbb,0xbb,0xbb,0x84,0x44,0x44,0x4b,0xb4,0x44,0x4b,0xbb,0x8b,0xbb,0xbb,0xb4,0x44,0x44,0x44,0x44,0x14,0x44,0x4b,0xb4,0x4b,0xbb,0xbb,0xbb
	db 0x14,0x44,0xbb,0xb4,0x4b,0xbb,0xbb,0xbb,0x14,0x44,0x44,0x4b,0xb4,0x44,0xbb,0xbb,0x8b,0xbb,0xbb,0xb4,0xb4,0x44,0x44,0x44,0x14,0x44,0xbb,0xb4,0x4b,0xbb,0xbb,0xbb
	db 0x14,0x44,0x44,0x4b,0xb4,0x44,0xbb,0xbb,0x8b,0xbb,0xbb,0xb4,0xb4,0x44,0x44,0x44,0x14,0x44,0xbb,0xb4,0x4b,0xbb,0xbb,0xbb,0x14,0x44,0x44,0x4b,0xb4,0x44,0xbb,0xbb
	db 0x8b,0xbb,0xbb,0xb4,0xb4,0x44,0x44,0x44,0x14,0x44,0xbb,0xb4,0x4b,0xbb,0xbb,0xbb,0x14,0x44,0x44,0x4b,0xb4,0x44,0xbb,0xbb,0x8b,0xbb,0xbb,0xb4,0xb4,0x44,0x44,0x44
	db 0x14,0x44,0xbb,0xb4,0x4b,0xbb,0xbb,0xbb,0x14,0x44,0x44,0x4b,0xb4,0x44,0xbb,0xbb,0x8b,0xbb,0xbb,0xb4,0xb4,0x44,0x44,0x44,0x14,0x44,0xbb,0xb4,0x4b,0xbb,0xbb,0xbb
	db 0x14,0x4b,0xbb,0xbb,0xbb,0xbb,0xbb,0xb4,0x14,0x44,0x44,0x44,0x44,0x4b,0xbb,0xbb,0x8b,0xbb,0xbb,0xb4,0x44,0x44,0x44,0x44,0x14,0x4b,0xbb,0xbb,0xbb,0xbb,0xbb,0xb4
	db 0x14,0x44,0x44,0x44,0x44,0x4b,0xbb,0xbb,0x8b,0xbb,0xbb,0xb4,0x44,0x44,0x44,0x44,0x14,0x4b,0xbb,0xbb,0xbb,0xbb,0xbb,0xb4,0x14,0x44,0x44,0x44,0x44,0x4b,0xbb,0xbb
	db 0x8b,0xbb,0xbb,0xb4,0x44,0x44,0x44,0x44,0x14,0x4b,0xbb,0xbb,0xbb,0xbb,0xbb,0xb4,0x14,0x44,0x44,0x44,0x44,0x4b,0xbb,0xbb,0x8b,0xbb,0xbb,0xb4,0x44,0x44,0x44,0x44
	db 0x14,0x4b,0xbb,0xbb,0xbb,0xbb,0xbb,0xb4,0x14,0x44,0x44,0x44,0x44,0x4b,0xbb,0xbb,0x8b,0xbb,0xbb,0xb4,0x44,0x44,0x44,0x44,0x14,0x4b,0xbb,0xbb,0xbb,0xbb,0xbb,0xb4
	db 0x14,0xbb,0xbb,0xbb,0xbb,0xbb,0xbb,0x44,0x14,0x44,0x44,0x44,0x44,0xbb,0xbb,0xbb,0x8b,0xbb,0xbb,0x44,0x44,0x44,0x44,0x44,0x14,0xbb,0xbb,0xbb,0xbb,0xbb,0xbb,0x44
	db 0x14,0x44,0x44,0x44,0x44,0xbb,0xbb,0xbb,0x8b,0xbb,0xbb,0x44,0x44,0x44,0x44,0x44,0x14,0xbb,0xbb,0xbb,0xbb,0xbb,0xbb,0x44,0x14,0x44,0x44,0x44,0x44,0xbb,0xbb,0xbb
	db 0x8b,0xbb,0xbb,0x44,0x44,0x44,0x44,0x44,0x14,0xbb,0xbb,0xbb,0xbb,0xbb,0xbb,0x44,0x14,0x44,0x44,0x44,0x44,0xbb,0xbb,0xbb,0x8b,0xbb,0xbb,0x44,0x44,0x44,0x44,0x44
	db 0x14,0xbb,0xbb,0xbb,0xbb,0xbb,0xbb,0x44,0x14,0x44,0x44,0x44,0x44,0xbb,0xbb,0xbb,0x8b,0xbb,0xbb,0x44,0x44,0x44,0x44,0x44,0x14,0xbb,0xbb,0xbb,0xbb,0xbb,0xbb,0x44
	db 0x1b,0xbb,0xbb,0xbb,0xbb,0xbb,0xb4,0x44,0x14,0x44,0x44,0x44,0x4b,0xbb,0xbb,0xbb,0x8b,0xbb,0xb4,0x44,0x44,0x44,0x44,0x44,0x1b,0xbb,0xbb,0xbb,0xbb,0xbb,0xb4,0x44
	db 0x14,0x44,0x44,0x44,0x4b,0xbb,0xbb,0xbb,0x8b,0xbb,0xb4,0x44,0x44,0x44,0x44,0x44,0x1b,0xbb,0xbb,0xbb,0xbb,0xbb,0xb4,0x44,0x14,0x44,0x44,0x44,0x4b,0xbb,0xbb,0xbb
	db 0x8b,0xbb,0xb4,0x44,0x44,0x44,0x44,0x44,0x1b,0xbb,0xbb,0xbb,0xbb,0xbb,0xb4,0x44,0x14,0x44,0x44,0x44,0x4b,0xbb,0xbb,0xbb,0x8b,0xbb,0xb4,0x44,0x44,0x44,0x44,0x44
	db 0x1b,0xbb,0xbb,0xbb,0xbb,0xbb,0xb4,0x44,0x14,0x44,0x44,0x44,0x4b,0xbb,0xbb,0xbb,0x8b,0xbb,0xb4,0x44,0x44,0x44,0x44,0x44,0x1b,0xbb,0xbb,0xbb,0xbb,0xbb,0xb4,0x44
	db 0x8b,0xbb,0xbb,0xbb,0xbb,0xbb,0x44,0x44,0x14,0x44,0x44,0x44,0xbb,0xbb,0xbb,0xbb,0x8b,0xbb,0x44,0x44,0x44,0x44,0x44,0x44,0x8b,0xbb,0xbb,0xbb,0xbb,0xbb,0x44,0x44
	db 0x14,0x44,0x44,0x44,0xbb,0xbb,0xbb,0xbb,0x8b,0xbb,0x44,0x44,0x44,0x44,0x44,0x44,0x8b,0xbb,0xbb,0xbb,0xbb,0xbb,0x44,0x44,0x14,0x44,0x44,0x44,0xbb,0xbb,0xbb,0xbb
	db 0x8b,0xbb,0x44,0x44,0x44,0x44,0x44,0x44,0x8b,0xbb,0xbb,0xbb,0xbb,0xbb,0x44,0x44,0x14,0x44,0x44,0x44,0xbb,0xbb,0xbb,0xbb,0x8b,0xbb,0x44,0x44,0x44,0x44,0x44,0x44
	db 0x8b,0xbb,0xbb,0xbb,0xbb,0xbb,0x44,0x44,0x14,0x44,0x44,0x44,0xbb,0xbb,0xbb,0xbb,0x8b,0xbb,0x44,0x44,0x44,0x44,0x44,0x44,0x8b,0xbb,0xbb,0xbb,0xbb,0xbb,0x44,0x44
	db 0x8b,0xbb,0xbb,0xbb,0xbb,0xb4,0x44,0x44,0x14,0x44,0x44,0x4b,0xbb,0xbb,0xbb,0xbb,0x8b,0xb4,0x44,0x44,0x44,0x44,0x44,0x4b,0x8b,0xbb,0xbb,0xbb,0xbb,0xb4,0x44,0x44
	db 0x14,0x44,0x44,0x4b,0xbb,0xbb,0xbb,0xbb,0x8b,0xb4,0x44,0x44,0x44,0x44,0x44,0x4b,0x8b,0xbb,0xbb,0xbb,0xbb,0xb4,0x44,0x44,0x14,0x44,0x44,0x4b,0xbb,0xbb,0xbb,0xbb
	db 0x8b,0xb4,0x44,0x44,0x44,0x44,0x44,0x4b,0x8b,0xbb,0xbb,0xbb,0xbb,0xb4,0x44,0x44,0x14,0x44,0x44,0x4b,0xbb,0xbb,0xbb,0xbb,0x8b,0xb4,0x44,0x44,0x44,0x44,0x44,0x4b
	db 0x8b,0xbb,0xbb,0xbb,0xbb,0xb4,0x44,0x44,0x14,0x44,0x44,0x4b,0xbb,0xbb,0xbb,0xbb,0x8b,0xb4,0x44,0x44,0x44,0x44,0x44,0x4b,0x8b,0xbb,0xbb,0xbb,0xbb,0xb4,0x44,0x44
	db 0x8b,0xbb,0xbb,0xbb,0xbb,0x44,0x44,0x44,0x14,0x44,0x44,0xbb,0xbb,0xbb,0xbb,0xbb,0x8b,0x44,0x44,0x44,0x44,0x44,0x44,0xbb,0x8b,0xbb,0xbb,0xbb,0xbb,0x44,0x44,0x44
	db 0x14,0x44,0x44,0xbb,0xbb,0xbb,0xbb,0xbb,0x8b,0x44,0x44,0x44,0x44,0x44,0x44,0xbb,0x8b,0xbb,0xbb,0xbb,0xbb,0x44,0x44,0x44,0x14,0x44,0x44,0xbb,0xbb,0xbb,0xbb,0xbb
	db 0x8b,0x44,0x44,0x44,0x44,0x44,0x44,0xbb,0x8b,0xbb,0xbb,0xbb,0xbb,0x44,0x44,0x44,0x14,0x44,0x44,0xbb,0xbb,0xbb,0xbb,0xbb,0x8b,0x44,0x44,0x44,0x44,0x44,0x44,0xbb
	db 0x8b,0xbb,0xbb,0xbb,0xbb,0x44,0x44,0x44,0x14,0x44,0x44,0xbb,0xbb,0xbb,0xbb,0xbb,0x8b,0x44,0x44,0x44,0x44,0x44,0x44,0xbb,0x8b,0xbb,0xbb,0xbb,0xbb,0x44,0x44,0x44
	db 0x8b,0xbb,0xbb,0xbb,0xb4,0x44,0x44,0x44,0x14,0x44,0x4b,0xbb,0xbb,0xbb,0xbb,0xbb,0x84,0x44,0x44,0x44,0x44,0x44,0x4b,0xbb,0x8b,0xbb,0xbb,0xbb,0xb4,0x44,0x44,0x44
	db 0x14,0x44,0x4b,0xbb,0xbb,0xbb,0xbb,0xbb,0x84,0x44,0x44,0x44,0x44,0x44,0x4b,0xbb,0x8b,0xbb,0xbb,0xbb,0xb4,0x44,0x44,0x44,0x14,0x44,0x4b,0xbb,0xbb,0xbb,0xbb,0xbb
	db 0x84,0x44,0x44,0x44,0x44,0x44,0x4b,0xbb,0x8b,0xbb,0xbb,0xbb,0xb4,0x44,0x44,0x44,0x14,0x44,0x4b,0xbb,0xbb,0xbb,0xbb,0xbb,0x84,0x44,0x44,0x44,0x44,0x44,0x4b,0xbb
	db 0x8b,0xbb,0xbb,0xbb,0xb4,0x44,0x44,0x44,0x14,0x44,0x4b,0xbb,0xbb,0xbb,0xbb,0xbb,0x84,0x44,0x44,0x44,0x44,0x44,0x4b,0xbb,0x8b,0xbb,0xbb,0xbb,0xb4,0x44,0x44,0x44
	db 0x88,0x88,0x88,0x88,0x11,0x11,0x11,0x11,0x11,0x11,0x88,0x88,0x88,0x88,0x88,0x88,0x11,0x11,0x11,0x11,0x11,0x11,0x88,0x88,0x88,0x88,0x88,0x88,0x11,0x11,0x11,0x11
	db 0x11,0x11,0x88,0x88,0x88,0x88,0x88,0x88,0x11,0x11,0x11,0x11,0x11,0x11,0x88,0x88,0x88,0x88,0x88,0x88,0x11,0x11,0x11,0x11,0x11,0x11,0x88,0x88,0x88,0x88,0x88,0x88
	db 0x11,0x11,0x11,0x11,0x11,0x11,0x88,0x88,0x88,0x88,0x88,0x88,0x11,0x11,0x11,0x11,0x11,0x11,0x88,0x88,0x88,0x88,0x88,0x88,0x11,0x11,0x11,0x11,0x11,0x11,0x88,0x88
	db 0x88,0x88,0x88,0x88,0x11,0x11,0x11,0x11,0x11,0x11,0x88,0x88,0x88,0x88,0x88,0x88,0x11,0x11,0x11,0x11,0x11,0x11,0x88,0x88,0x88,0x88,0x88,0x88,0x11,0x11,0x11,0x11
	db 0x8b,0xbb,0xbb,0xb4,0x44,0x44,0x44,0x44,0x14,0x4b,0xbb,0xbb,0xbb,0xbb,0xbb,0xb4,0x14,0x44,0x44,0x44,0x44,0x4b,0xbb,0xbb,0x8b,0xbb,0xbb,0xb4,0x44,0x44,0x44,0x44
	db 0x14,0x4b,0xbb,0xbb,0xbb,0xbb,0xbb,0xb4,0x14,0x44,0x44,0x44,0x44,0x4b,0xbb,0xbb,0x8b,0xbb,0xbb,0xb4,0x44,0x44,0x44,0x44,0x14,0x4b,0xbb,0xbb,0xbb,0xbb,0xbb,0xb4
	db 0x14,0x44,0x44,0x44,0x44,0x4b,0xbb,0xbb,0x8b,0xbb,0xbb,0xb4,0x44,0x44,0x44,0x44,0x14,0x4b,0xbb,0xbb,0xbb,0xbb,0xbb,0xb4,0x14,0x44,0x44,0x44,0x44,0x4b,0xbb,0xbb
	db 0x8b,0xbb,0xbb,0xb4,0x44,0x44,0x44,0x44,0x14,0x4b,0xbb,0xbb,0xbb,0xbb,0xbb,0xb4,0x14,0x44,0x44,0x44,0x44,0x4b,0xbb,0xbb,0x8b,0xbb,0xbb,0xb4,0x44,0x44,0x44,0x44
	db 0x8b,0xbb,0xbb,0x44,0x44,0x44,0x44,0x44,0x14,0xbb,0xbb,0xbb,0xbb,0xbb,0xbb,0x44,0x14,0x44,0x44,0x44,0x44,0xbb,0xbb,0xbb,0x8b,0xbb,0xbb,0x44,0x44,0x44,0x44,0x44
	db 0x14,0xbb,0xbb,0xbb,0xbb,0xbb,0xbb,0x44,0x14,0x44,0x44,0x44,0x44,0xbb,0xbb,0xbb,0x8b,0xbb,0xbb,0x44,0x44,0x44,0x44,0x44,0x14,0xbb,0xbb,0xbb,0xbb,0xbb,0xbb,0x44
	db 0x14,0x44,0x44,0x44,0x44,0xbb,0xbb,0xbb,0x8b,0xbb,0xbb,0x44,0x44,0x44,0x44,0x44,0x14,0xbb,0xbb,0xbb,0xbb,0xbb,0xbb,0x44,0x14,0x44,0x44,0x44,0x44,0xbb,0xbb,0xbb
	db 0x8b,0xbb,0xbb,0x44,0x44,0x44,0x44,0x44,0x14,0xbb,0xbb,0xbb,0xbb,0xbb,0xbb,0x44,0x14,0x44,0x44,0x44,0x44,0xbb,0xbb,0xbb,0x8b,0xbb,0xbb,0x44,0x44,0x44,0x44,0x44
	db 0x8b,0xbb,0xb4,0x44,0x44,0x44,0x44,0x44,0x1b,0xbb,0xbb,0xbb,0xbb,0xbb,0xb4,0x44,0x14,0x44,0x44,0x44,0x4b,0xbb,0xbb,0xbb,0x8b,0xbb,0xb4,0x44,0x44,0x44,0x44,0x44
	db 0x1b,0xbb,0xbb,0xbb,0xbb,0xbb,0xb4,0x44,0x14,0x44,0x44,0x44,0x4b,0xbb,0xbb,0xbb,0x8b,0xbb,0xb4,0x44,0x44,0x44,0x44,0x44,0x1b,0xbb,0xbb,0xbb,0xbb,0xbb,0xb4,0x44
	db 0x14,0x44,0x44,0x44,0x4b,0xbb,0xbb,0xbb,0x8b,0xbb,0xb4,0x44,0x44,0x44,0x44,0x44,0x1b,0xbb,0xbb,0xbb,0xbb,0xbb,0xb4,0x44,0x14,0x44,0x44,0x44,0x4b,0xbb,0xbb,0xbb
	db 0x8b,0xbb,0xb4,0x44,0x44,0x44,0x44,0x44,0x1b,0xbb,0xbb,0xbb,0xbb,0xbb,0xb4,0x44,0x14,0x44,0x44,0x44,0x4b,0xbb,0xbb,0xbb,0x8b,0xbb,0xb4,0x44,0x44,0x44,0x44,0x44
	db 0x8b,0xbb,0x44,0x44,0x44,0x44,0x44,0x44,0x8b,0xbb,0xbb,0xbb,0xbb,0xbb,0x44,0x44,0x14,0x44,0x44,0x44,0xbb,0xbb,0xbb,0xbb,0x8b,0xbb,0x44,0x44,0x44,0x44,0x44,0x44
	db 0x8b,0xbb,0xbb,0xbb,0xbb,0xbb,0x44,0x44,0x14,0x44,0x44,0x44,0xbb,0xbb,0xbb,0xbb,0x8b,0xbb,0x44,0x44,0x44,0x44,0x44,0x44,0x8b,0xbb,0xbb,0xbb,0xbb,0xbb,0x44,0x44
	db 0x14,0x44,0x44,0x44,0xbb,0xbb,0xbb,0xbb,0x8b,0xbb,0x44,0x44,0x44,0x44,0x44,0x44,0x8b,0xbb,0xbb,0xbb,0xbb,0xbb,0x44,0x44,0x14,0x44,0x44,0x44,0xbb,0xbb,0xbb,0xbb
	db 0x8b,0xbb,0x44,0x44,0x44,0x44,0x44,0x44,0x8b,0xbb,0xbb,0xbb,0xbb,0xbb,0x44,0x44,0x14,0x44,0x44,0x44,0xbb,0xbb,0xbb,0xbb,0x8b,0xbb,0x44,0x44,0x44,0x44,0x44,0x44
	db 0x8b,0xb4,0x44,0x44,0x44,0x44,0x44,0x4b,0x8b,0xbb,0xbb,0xbb,0xbb,0xb4,0x44,0x44,0x14,0x44,0x44,0x4b,0xbb,0xbb,0xbb,0xbb,0x8b,0xb4,0x44,0x44,0x44,0x44,0x44,0x4b
	db 0x8b,0xbb,0xbb,0xbb,0xbb,0xb4,0x44,0x44,0x14,0x44,0x44,0x4b,0xbb,0xbb,0xbb,0xbb,0x8b,0xb4,0x44,0x44,0x44,0x44,0x44,0x4b,0x8b,0xbb,0xbb,0xbb,0xbb,0xb4,0x44,0x44
	db 0x14,0x44,0x44,0x4b,0xbb,0xbb,0xbb,0xbb,0x8b,0xb4,0x44,0x44,0x44,0x44,0x44,0x4b,0x8b,0xbb,0xbb,0xbb,0xbb,0xb4,0x44,0x44,0x14,0x44,0x44,0x4b,0xbb,0xbb,0xbb,0xbb
	db 0x8b,0xb4,0x44,0x44,0x44,0x44,0x44,0x4b,0x8b,0xbb,0xbb,0xbb,0xbb,0xb4,0x44,0x44,0x14,0x44,0x44,0x4b,0xbb,0xbb,0xbb,0xbb,0x8b,0xb4,0x44,0x44,0x44,0x44,0x44,0x4b
	db 0x8b,0x44,0x44,0x44,0x44,0x44,0x44,0xbb,0x8b,0xbb,0xbb,0xbb,0xbb,0x44,0x44,0x44,0x14,0x44,0x44,0xbb,0xbb,0xbb,0xbb,0xbb,0x8b,0x44,0x44,0x44,0x44,0x44,0x44,0xbb
	db 0x8b,0xbb,0xbb,0xbb,0xbb,0x44,0x44,0x44,0x14,0x44,0x44,0xbb,0xbb,0xbb,0xbb,0xbb,0x8b,0x44,0x44,0x44,0x44,0x44,0x44,0xbb,0x8b,0xbb,0xbb,0xbb,0xbb,0x44,0x44,0x44
	db 0x14,0x44,0x44,0xbb,0xbb,0xbb,0xbb,0xbb,0x8b,0x44,0x44,0x44,0x44,0x44,0x44,0xbb,0x8b,0xbb,0xbb,0xbb,0xbb,0x44,0x44,0x44,0x14,0x44,0x44,0xbb,0xbb,0xbb,0xbb,0xbb
	db 0x8b,0x44,0x44,0x44,0x44,0x44,0x44,0xbb,0x8b,0xbb,0xbb,0xbb,0xbb,0x44,0x44,0x44,0x14,0x44,0x44,0xbb,0xbb,0xbb,0xbb,0xbb,0x8b,0x44,0x44,0x44,0x44,0x44,0x44,0xbb
	db 0x84,0x44,0x44,0x4b,0xb4,0x44,0x4b,0xbb,0x8b,0xbb,0xbb,0xb4,0x44,0x44,0x44,0x44,0x14,0x44,0x4b,0xb4,0x4b,0xbb,0xbb,0xbb,0x84,0x44,0x44,0x4b,0xb4,0x44,0x4b,0xbb
	db 0x8b,0xbb,0xbb,0xb4,0x44,0x44,0x44,0x44,0x14,0x44,0x4b,0xb4,0x4b,0xbb,0xbb,0xbb,0x84,0x44,0x44,0x4b,0xb4,0x44,0x4b,0xbb,0x8b,0xbb,0xbb,0xb4,0x44,0x44,0x44,0x44
	db 0x14,0x44,0x4b,0xb4,0x4b,0xbb,0xbb,0xbb,0x84,0x44,0x44,0x4b,0xb4,0x44,0x4b,0xbb,0x8b,0xbb,0xbb,0xb4,0x44,0x44,0x44,0x44,0x14,0x44,0x4b,0xb4,0x4b,0xbb,0xbb,0xbb
	db 0x84,0x44,0x44,0x4b,0xb4,0x44,0x4b,0xbb,0x8b,0xbb,0xbb,0xb4,0x44,0x44,0x44,0x44,0x14,0x44,0x4b,0xb4,0x4b,0xbb,0xbb,0xbb,0x84,0x44,0x44,0x4b,0xb4,0x44,0x4b,0xbb
	db 0x14,0x44,0x44,0x4b,0xb4,0x44,0xbb,0xbb,0x8b,0xbb,0xbb,0xb4,0xb4,0x44,0x44,0x44,0x14,0x44,0xbb,0xb4,0x4b,0xbb,0xbb,0xbb,0x14,0x44,0x44,0x4b,0xb4,0x44,0xbb,0xbb
	db 0x8b,0xbb,0xbb,0xb4,0xb4,0x44,0x44,0x44,0x14,0x44,0xbb,0xb4,0x4b,0xbb,0xbb,0xbb,0x14,0x44,0x44,0x4b,0xb4,0x44,0xbb,0xbb,0x8b,0xbb,0xbb,0xb4,0xb4,0x44,0x44,0x44
	db 0x14,0x44,0xbb,0xb4,0x4b,0xbb,0xbb,0xbb,0x14,0x44,0x44,0x4b,0xb4,0x44,0xbb,0xbb,0x8b,0xbb,0xbb,0xb4,0xb4,0x44,0x44,0x44,0x14,0x44,0xbb,0xb4,0x4b,0xbb,0xbb,0xbb
	db 0x14,0x44,0x44,0x4b,0xb4,0x44,0xbb,0xbb,0x8b,0xbb,0xbb,0xb4,0xb4,0x44,0x44,0x44,0x14,0x44,0xbb,0xb4,0x4b,0xbb,0xbb,0xbb,0x14,0x44,0x44,0x4b,0xb4,0x44,0xbb,0xbb
	db 0x14,0x44,0x44,0x44,0x44,0x4b,0xbb,0xbb,0x8b,0xbb,0xbb,0xb4,0x44,0x44,0x44,0x44,0x14,0x4b,0xbb,0xbb,0xbb,0xbb,0xbb,0xb4,0x14,0x44,0x44,0x44,0x44,0x4b,0xbb,0xbb
	db 0x8b,0xbb,0xbb,0xb4,0x44,0x44,0x44,0x44,0x14,0x4b,0xbb,0xbb,0xbb,0xbb,0xbb,0xb4,0x14,0x44,0x44,0x44,0x44,0x4b,0xbb,0xbb,0x8b,0xbb,0xbb,0xb4,0x44,0x44,0x44,0x44
	db 0x14,0x4b,0xbb,0xbb,0xbb,0xbb,0xbb,0xb4,0x14,0x44,0x44,0x44,0x44,0x4b,0xbb,0xbb,0x8b,0xbb,0xbb,0xb4,0x44,0x44,0x44,0x44,0x14,0x4b,0xbb,0xbb,0xbb,0xbb,0xbb,0xb4
	db 0x14,0x44,0x44,0x44,0x44,0x4b,0xbb,0xbb,0x8b,0xbb,0xbb,0xb4,0x44,0x44,0x44,0x44,0x14,0x4b,0xbb,0xbb,0xbb,0xbb,0xbb,0xb4,0x14,0x44,0x44,0x44,0x44,0x4b,0xbb,0xbb
	db 0x14,0x44,0x44,0x44,0x44,0xbb,0xbb,0xbb,0x8b,0xbb,0xbb,0x44,0x44,0x44,0x44,0x44,0x14,0xbb,0xbb,0xbb,0xbb,0xbb,0xbb,0x44,0x14,0x44,0x44,0x44,0x44,0xbb,0xbb,0xbb
	db 0x8b,0xbb,0xbb,0x44,0x44,0x44,0x44,0x44,0x14,0xbb,0xbb,0xbb,0xbb,0xbb,0xbb,0x44,0x14,0x44,0x44,0x44,0x44,0xbb,0xbb,0xbb,0x8b,0xbb,0xbb,0x44,0x44,0x44,0x44,0x44
	db 0x14,0xbb,0xbb,0xbb,0xbb,0xbb,0xbb,0x44,0x14,0x44,0x44,0x44,0x44,0xbb,0xbb,0xbb,0x8b,0xbb,0xbb,0x44,0x44,0x44,0x44,0x44,0x14,0xbb,0xbb,0xbb,0xbb,0xbb,0xbb,0x44
	db 0x14,0x44,0x44,0x44,0x44,0xbb,0xbb,0xbb,0x8b,0xbb,0xbb,0x44,0x44,0x44,0x44,0x44,0x14,0xbb,0xbb,0xbb,0xbb,0xbb,0xbb,0x44,0x14,0x44,0x44,0x44,0x44,0xbb,0xbb,0xbb
	db 0x14,0x44,0x44,0x44,0x4b,0xbb,0xbb,0xbb,0x8b,0xbb,0xb4,0x44,0x44,0x44,0x44,0x44,0x1b,0xbb,0xbb,0xbb,0xbb,0xbb,0xb4,0x44,0x14,0x44,0x44,0x44,0x4b,0xbb,0xbb,0xbb
	db 0x8b,0xbb,0xb4,0x44,0x44,0x44,0x44,0x44,0x1b,0xbb,0xbb,0xbb,0xbb,0xbb,0xb4,0x44,0x14,0x44,0x44,0x44,0x4b,0xbb,0xbb,0xbb,0x8b,0xbb,0xb4,0x44,0x44,0x44,0x44,0x44
	db 0x1b,0xbb,0xbb,0xbb,0xbb,0xbb,0xb4,0x44,0x14,0x44,0x44,0x44,0x4b,0xbb,0xbb,0xbb,0x8b,0xbb,0xb4,0x44,0x44,0x44,0x44,0x44,0x1b,0xbb,0xbb,0xbb,0xbb,0xbb,0xb4,0x44
	db 0x14,0x44,0x44,0x44,0x4b,0xbb,0xbb,0xbb,0x8b,0xbb,0xb4,0x44,0x44,0x44,0x44,0x44,0x1b,0xbb,0xbb,0xbb,0xbb,0xbb,0xb4,0x44,0x14,0x44,0x44,0x44,0x4b,0xbb,0xbb,0xbb
	db 0x14,0x44,0x44,0x44,0xbb,0xbb,0xbb,0xbb,0x8b,0xbb,0x44,0x44,0x44,0x44,0x44,0x44,0x8b,0xbb,0xbb,0xbb,0xbb,0xbb,0x44,0x44,0x14,0x44,0x44,0x44,0xbb,0xbb,0xbb,0xbb
	db 0x8b,0xbb,0x44,0x44,0x44,0x44,0x44,0x44,0x8b,0xbb,0xbb,0xbb,0xbb,0xbb,0x44,0x44,0x14,0x44,0x44,0x44,0xbb,0xbb,0xbb,0xbb,0x8b,0xbb,0x44,0x44,0x44,0x44,0x44,0x44
	db 0x8b,0xbb,0xbb,0xbb,0xbb,0xbb,0x44,0x44,0x14,0x44,0x44,0x44,0xbb,0xbb,0xbb,0xbb,0x8b,0xbb,0x44,0x44,0x44,0x44,0x44,0x44,0x8b,0xbb,0xbb,0xbb,0xbb,0xbb,0x44,0x44
	db 0x14,0x44,0x44,0x44,0xbb,0xbb,0xbb,0xbb,0x8b,0xbb,0x44,0x44,0x44,0x44,0x44,0x44,0x8b,0xbb,0xbb,0xbb,0xbb,0xbb,0x44,0x44,0x14,0x44,0x44,0x44,0xbb,0xbb,0xbb,0xbb
	db 0x14,0x44,0x44,0x4b,0xbb,0xbb,0xbb,0xbb,0x8b,0xb4,0x44,0x44,0x44,0x44,0x44,0x4b,0x8b,0xbb,0xbb,0xbb,0xbb,0xb4,0x44,0x44,0x14,0x44,0x44,0x4b,0xbb,0xbb,0xbb,0xbb
	db 0x8b,0xb4,0x44,0x44,0x44,0x44,0x44,0x4b,0x8b,0xbb,0xbb,0xbb,0xbb,0xb4,0x44,0x44,0x14,0x44,0x44,0x4b,0xbb,0xbb,0xbb,0xbb,0x8b,0xb4,0x44,0x44,0x44,0x44,0x44,0x4b
	db 0x8b,0xbb,0xbb,0xbb,0xbb,0xb4,0x44,0x44,0x14,0x44,0x44,0x4b,0xbb,0xbb,0xbb,0xbb,0x8b,0xb4,0x44,0x44,0x44,0x44,0x44,0x4b,0x8b,0xbb,0xbb,0xbb,0xbb,0xb4,0x44,0x44
	db 0x14,0x44,0x44,0x4b,0xbb,0xbb,0xbb,0xbb,0x8b,0xb4,0x44,0x44,0x44,0x44,0x44,0x4b,0x8b,0xbb,0xbb,0xbb,0xbb,0xb4,0x44,0x44,0x14,0x44,0x44,0x4b,0xbb,0xbb,0xbb,0xbb
	db 0x14,0x44,0x44,0xbb,0xbb,0xbb,0xbb,0xbb,0x8b,0x44,0x44,0x44,0x44,0x44,0x44,0xbb,0x8b,0xbb,0xbb,0xbb,0xbb,0x44,0x44,0x44,0x14,0x44,0x44,0xbb,0xbb,0xbb,0xbb,0xbb
	db 0x8b,0x44,0x44,0x44,0x44,0x44,0x44,0xbb,0x8b,0xbb,0xbb,0xbb,0xbb,0x44,0x44,0x44,0x14,0x44,0x44,0xbb,0xbb,0xbb,0xbb,0xbb,0x8b,0x44,0x44,0x44,0x44,0x44,0x44,0xbb
	db 0x8b,0xbb,0xbb,0xbb,0xbb,0x44,0x44,0x44,0x14,0x44,0x44,0xbb,0xbb,0xbb,0xbb,0xbb,0x8b,0x44,0x44,0x44,0x44,0x44,0x44,0xbb,0x8b,0xbb,0xbb,0xbb,0xbb,0x44,0x44,0x44
	db 0x14,0x44,0x44,0xbb,0xbb,0xbb,0xbb,0xbb,0x8b,0x44,0x44,0x44,0x44,0x44,0x44,0xbb,0x8b,0xbb,0xbb,0xbb,0xbb,0x44,0x44,0x44,0x14,0x44,0x44,0xbb,0xbb,0xbb,0xbb,0xbb
	db 0x14,0x44,0x4b,0xbb,0xbb,0xbb,0xbb,0xbb,0x84,0x44,0x44,0x44,0x44,0x44,0x4b,0xbb,0x8b,0xbb,0xbb,0xbb,0xb4,0x44,0x44,0x44,0x14,0x44,0x4b,0xbb,0xbb,0xbb,0xbb,0xbb
	db 0x84,0x44,0x44,0x44,0x44,0x44,0x4b,0xbb,0x8b,0xbb,0xbb,0xbb,0xb4,0x44,0x44,0x44,0x14,0x44,0x4b,0xbb,0xbb,0xbb,0xbb,0xbb,0x84,0x44,0x44,0x44,0x44,0x44,0x4b,0xbb
	db 0x8b,0xbb,0xbb,0xbb,0xb4,0x44,0x44,0x44,0x14,0x44,0x4b,0xbb,0xbb,0xbb,0xbb,0xbb,0x84,0x44,0x44,0x44,0x44,0x44,0x4b,0xbb,0x8b,0xbb,0xbb,0xbb,0xb4,0x44,0x44,0x44
	db 0x14,0x44,0x4b,0xbb,0xbb,0xbb,0xbb,0xbb,0x84,0x44,0x44,0x44,0x44,0x44,0x4b,0xbb,0x8b,0xbb,0xbb,0xbb,0xb4,0x44,0x44,0x44,0x14,0x44,0x4b,0xbb,0xbb,0xbb,0xbb,0xbb
	db 0x22,0x22,0x22,0x22,0x22,0x22,0x99,0x99,0x99,0x99,0x99,0x99,0x22,0x22,0x22,0x22,0x22,0x22,0x99,0x99,0x99,0x99,0x99,0x99,0x22,0x22,0x22,0x22,0x22,0x22,0x99,0x99
	db 0x99,0x99,0x99,0x99,0x22,0x22,0x22,0x22,0x22,0x22,0x99,0x99,0x99,0x99,0x99,0x99,0x22,0x22,0x22,0x22,0x22,0x22,0x99,0x99,0x99,0x99,0x99,0x99,0x22,0x22,0x22,0x22
	db 0x22,0x22,0x99,0x99,0x99,0x99,0x99,0x99,0x22,0x22,0x22,0x22,0x22,0x22,0x99,0x99,0x99,0x99,0x99,0x99,0x22,0x22,0x22,0x22,0x22,0x22,0x99,0x99,0x99,0x99,0x99,0x99
	db 0x22,0x22,0x22,0x22,0x22,0x22,0x99,0x99,0x99,0x99,0x99,0x99,0x22,0x22,0x22,0x22,0x22,0x22,0x99,0x99,0x99,0x99,0x99,0x99,0x22,0x22,0x22,0x22,0x22,0x22,0x99,0x99
	db 0x25,0x55,0x55,0x55,0x55,0x5c,0xcc,0xcc,0x9c,0xcc,0xcc,0xc5,0x55,0x55,0x55,0x55,0x25,0x5c,0xcc,0xcc,0xcc,0xcc,0xcc,0xc5,0x25,0x55,0x55,0x55,0x55,0x5c,0xcc,0xcc
	db 0x9c,0xcc,0xcc,0xc5,0x55,0x55,0x55,0x55,0x25,0x5c,0xcc,0xcc,0xcc,0xcc,0xcc,0xc5,0x25,0x55,0x55,0x55,0x55,0x5c,0xcc,0xcc,0x9c,0xcc,0xcc,0xc5,0x55,0x55,0x55,0x55
	db 0x25,0x5c,0xcc,0xcc,0xcc,0xcc,0xcc,0xc5,0x25,0x55,0x55,0x55,0x55,0x5c,0xcc,0xcc,0x9c,0xcc,0xcc,0xc5,0x55,0x55,0x55,0x55,0x25,0x5c,0xcc,0xcc,0xcc,0xcc,0xcc,0xc5
	db 0x25,0x55,0x55,0x55,0x55,0x5c,0xcc,0xcc,0x9c,0xcc,0xcc,0xc5,0x55,0x55,0x55,0x55,0x25,0x5c,0xcc,0xcc,0xcc,0xcc,0xcc,0xc5,0x25,0x55,0x55,0x55,0x55,0x5c,0xcc,0xcc
	db 0x25,0x55,0x55,0x55,0x55,0xcc,0xcc,0xcc,0x9c,0xcc,0xcc,0x55,0x55,0x55,0x55,0x55,0x25,0xcc,0xcc,0xcc,0xcc,0xcc,0xcc,0x55,0x25,0x55,0x55,0x55,0x55,0xcc,0xcc,0xcc
	db 0x9c,0xcc,0xcc,0x55,0x55,0x55,0x55,0x55,0x25,0xcc,0xcc,0xcc,0xcc,0xcc,0xcc,0x55,0x25,0x55,0x55,0x55,0x55,0xcc,0xcc,0xcc,0x9c,0xcc,0xcc,0x55,0x55,0x55,0x55,0x55
	db 0x25,0xcc,0xcc,0xcc,0xcc,0xcc,0xcc,0x55,0x25,0x55,0x55,0x55,0x55,0xcc,0xcc,0xcc,0x9c,0xcc,0xcc,0x55,0x55,0x55,0x55,0x55,0x25,0xcc,0xcc,0xcc,0xcc,0xcc,0xcc,0x55
	db 0x25,0x55,0x55,0x55,0x55,0xcc,0xcc,0xcc,0x9c,0xcc,0xcc,0x55,0x55,0x55,0x55,0x55,0x25,0xcc,0xcc,0xcc,0xcc,0xcc,0xcc,0x55,0x25,0x55,0x55,0x55,0x55,0xcc,0xcc,0xcc
	db 0x25,0x55,0x55,0x55,0x5c,0xcc,0xcc,0xcc,0x9c,0xcc,0xc5,0x55,0x55,0x55,0x55,0x55,0x2c,0xcc,0xcc,0xcc,0xcc,0xcc,0xc5,0x55,0x25,0x55,0x55,0x55,0x5c,0xcc,0xcc,0xcc
	db 0x9c,0xcc,0xc5,0x55,0x55,0x55,0x55,0x55,0x2c,0xcc,0xcc,0xcc,0xcc,0xcc,0xc5,0x55,0x25,0x55,0x55,0x55,0x5c,0xcc,0xcc,0xcc,0x9c,0xcc,0xc5,0x55,0x55,0x55,0x55,0x55
	db 0x2c,0xcc,0xcc,0xcc,0xcc,0xcc,0xc5,0x55,0x25,0x55,0x55,0x55,0x5c,0xcc,0xcc,0xcc,0x9c,0xcc,0xc5,0x55,0x55,0x55,0x55,0x55,0x2c,0xcc,0xcc,0xcc,0xcc,0xcc,0xc5,0x55
	db 0x25,0x55,0x55,0x55,0x5c,0xcc,0xcc,0xcc,0x9c,0xcc,0xc5,0x55,0x55,0x55,0x55,0x55,0x2c,0xcc,0xcc,0xcc,0xcc,0xcc,0xc5,0x55,0x25,0x55,0x55,0x55,0x5c,0xcc,0xcc,0xcc
	db 0x25,0x55,0x55,0x55,0xcc,0xcc,0xcc,0xcc,0x9c,0xcc,0x55,0x55,0x55,0x55,0x55,0x55,0x9c,0xcc,0xcc,0xcc,0xcc,0xcc,0x55,0x55,0x25,0x55,0x55,0x55,0xcc,0xcc,0xcc,0xcc
	db 0x9c,0xcc,0x55,0x55,0x55,0x55,0x55,0x55,0x9c,0xcc,0xcc,0xcc,0xcc,0xcc,0x55,0x55,0x25,0x55,0x55,0x55,0xcc,0xcc,0xcc,0xcc,0x9c,0xcc,0x55,0x55,0x55,0x55,0x55,0x55
	db 0x9c,0xcc,0xcc,0xcc,0xcc,0xcc,0x55,0x55,0x25,0x55,0x55,0x55,0xcc,0xcc,0xcc,0xcc,0x9c,0xcc,0x55,0x55,0x55,0x55,0x55,0x55,0x9c,0xcc,0xcc,0xcc,0xcc,0xcc,0x55,0x55
	db 0x25,0x55,0x55,0x55,0xcc,0xcc,0xcc,0xcc,0x9c,0xcc,0x55,0x55,0x55,0x55,0x55,0x55,0x9c,0xcc,0xcc,0xcc,0xcc,0xcc,0x55,0x55,0x25,0x55,0x55,0x55,0xcc,0xcc,0xcc,0xcc
	db 0x25,0x55,0x55,0x5c,0xcc,0xcc,0xcc,0xcc,0x9c,0xc5,0x55,0x55,0x55,0x55,0x55,0x5c,0x9c,0xcc,0xcc,0xcc,0xcc,0xc5,0x55,0x55,0x25,0x55,0x55,0x5c,0xcc,0xcc,0xcc,0xcc
	db 0x9c,0xc5,0x55,0x55,0x55,0x55,0x55,0x5c,0x9c,0xcc,0xcc,0xcc,0xcc,0xc5,0x55,0x55,0x25,0x55,0x55,0x5c,0xcc,0xcc,0xcc,0xcc,0x9c,0xc5,0x55,0x55,0x55,0x55,0x55,0x5c
	db 0x9c,0xcc,0xcc,0xcc,0xcc,0xc5,0x55,0x55,0x25,0x55,0x55,0x5c,0xcc,0xcc,0xcc,0xcc,0x9c,0xc5,0x55,0x55,0x55,0x55,0x55,0x5c,0x9c,0xcc,0xcc,0xcc,0xcc,0xc5,0x55,0x55
	db 0x25,0x55,0x55,0x5c,0xcc,0xcc,0xcc,0xcc,0x9c,0xc5,0x55,0x55,0x55,0x55,0x55,0x5c,0x9c,0xcc,0xcc,0xcc,0xcc,0xc5,0x55,0x55,0x25,0x55,0x55,0x5c,0xcc,0xcc,0xcc,0xcc
	db 0x25,0x55,0x55,0xcc,0xcc,0xcc,0xcc,0xcc,0x9c,0x55,0x55,0x55,0x55,0x55,0x55,0xcc,0x9c,0xcc,0xcc,0xcc,0xcc,0x55,0x55,0x55,0x25,0x55,0x55,0xcc,0xcc,0xcc,0xcc,0xcc
	db 0x9c,0x55,0x55,0x55,0x55,0x55,0x55,0xcc,0x9c,0xcc,0xcc,0xcc,0xcc,0x55,0x55,0x55,0x25,0x55,0x55,0xcc,0xcc,0xcc,0xcc,0xcc,0x9c,0x55,0x55,0x55,0x55,0x55,0x55,0xcc
	db 0x9c,0xcc,0xcc,0xcc,0xcc,0x55,0x55,0x55,0x25,0x55,0x55,0xcc,0xcc,0xcc,0xcc,0xcc,0x9c,0x55,0x55,0x55,0x55,0x55,0x55,0xcc,0x9c,0xcc,0xcc,0xcc,0xcc,0x55,0x55,0x55
	db 0x25,0x55,0x55,0xcc,0xcc,0xcc,0xcc,0xcc,0x9c,0x55,0x55,0x55,0x55,0x55,0x55,0xcc,0x9c,0xcc,0xcc,0xcc,0xcc,0x55,0x55,0x55,0x25,0x55,0x55,0xcc,0xcc,0xcc,0xcc,0xcc
	db 0x25,0x55,0x5c,0xc5,0x5c,0xcc,0xcc,0xcc,0x95,0x55,0x55,0x5c,0xc5,0x55,0x5c,0xcc,0x9c,0xcc,0xcc,0xc5,0x55,0x55,0x55,0x55,0x25,0x55,0x5c,0xc5,0x5c,0xcc,0xcc,0xcc
	db 0x95,0x55,0x55,0x5c,0xc5,0x55,0x5c,0xcc,0x9c,0xcc,0xcc,0xc5,0x55,0x55,0x55,0x55,0x25,0x55,0x5c,0xc5,0x5c,0xcc,0xcc,0xcc,0x95,0x55,0x55,0x5c,0xc5,0x55,0x5c,0xcc
	db 0x9c,0xcc,0xcc,0xc5,0x55,0x55,0x55,0x55,0x25,0x55,0x5c,0xc5,0x5c,0xcc,0xcc,0xcc,0x95,0x55,0x55,0x5c,0xc5,0x55,0x5c,0xcc,0x9c,0xcc,0xcc,0xc5,0x55,0x55,0x55,0x55
	db 0x25,0x55,0x5c,0xc5,0x5c,0xcc,0xcc,0xcc,0x95,0x55,0x55,0x5c,0xc5,0x55,0x5c,0xcc,0x9c,0xcc,0xcc,0xc5,0x55,0x55,0x55,0x55,0x25,0x55,0x5c,0xc5,0x5c,0xcc,0xcc,0xcc
	db 0x25,0x55,0xcc,0xc5,0x5c,0xcc,0xcc,0xcc,0x25,0x55,0x55,0x5c,0xc5,0x55,0xcc,0xcc,0x9c,0xcc,0xcc,0xc5,0xc5,0x55,0x55,0x55,0x25,0x55,0xcc,0xc5,0x5c,0xcc,0xcc,0xcc
	db 0x25,0x55,0x55,0x5c,0xc5,0x55,0xcc,0xcc,0x9c,0xcc,0xcc,0xc5,0xc5,0x55,0x55,0x55,0x25,0x55,0xcc,0xc5,0x5c,0xcc,0xcc,0xcc,0x25,0x55,0x55,0x5c,0xc5,0x55,0xcc,0xcc
	db 0x9c,0xcc,0xcc,0xc5,0xc5,0x55,0x55,0x55,0x25,0x55,0xcc,0xc5,0x5c,0xcc,0xcc,0xcc,0x25,0x55,0x55,0x5c,0xc5,0x55,0xcc,0xcc,0x9c,0xcc,0xcc,0xc5,0xc5,0x55,0x55,0x55
	db 0x25,0x55,0xcc,0xc5,0x5c,0xcc,0xcc,0xcc,0x25,0x55,0x55,0x5c,0xc5,0x55,0xcc,0xcc,0x9c,0xcc,0xcc,0xc5,0xc5,0x55,0x55,0x55,0x25,0x55,0xcc,0xc5,0x5c,0xcc,0xcc,0xcc
	db 0x25,0x5c,0xcc,0xcc,0xcc,0xcc,0xcc,0xc5,0x25,0x55,0x55,0x55,0x55,0x5c,0xcc,0xcc,0x9c,0xcc,0xcc,0xc5,0x55,0x55,0x55,0x55,0x25,0x5c,0xcc,0xcc,0xcc,0xcc,0xcc,0xc5
	db 0x25,0x55,0x55,0x55,0x55,0x5c,0xcc,0xcc,0x9c,0xcc,0xcc,0xc5,0x55,0x55,0x55,0x55,0x25,0x5c,0xcc,0xcc,0xcc,0xcc,0xcc,0xc5,0x25,0x55,0x55,0x55,0x55,0x5c,0xcc,0xcc
	db 0x9c,0xcc,0xcc,0xc5,0x55,0x55,0x55,0x55,0x25,0x5c,0xcc,0xcc,0xcc,0xcc,0xcc,0xc5,0x25,0x55,0x55,0x55,0x55,0x5c,0xcc,0xcc,0x9c,0xcc,0xcc,0xc5,0x55,0x55,0x55,0x55
	db 0x25,0x5c,0xcc,0xcc,0xcc,0xcc,0xcc,0xc5,0x25,0x55,0x55,0x55,0x55,0x5c,0xcc,0xcc,0x9c,0xcc,0xcc,0xc5,0x55,0x55,0x55,0x55,0x25,0x5c,0xcc,0xcc,0xcc,0xcc,0xcc,0xc5
	db 0x25,0xcc,0xcc,0xcc,0xcc,0xcc,0xcc,0x55,0x25,0x55,0x55,0x55,0x55,0xcc,0xcc,0xcc,0x9c,0xcc,0xcc,0x55,0x55,0x55,0x55,0x55,0x25,0xcc,0xcc,0xcc,0xcc,0xcc,0xcc,0x55
	db 0x25,0x55,0x55,0x55,0x55,0xcc,0xcc,0xcc,0x9c,0xcc,0xcc,0x55,0x55,0x55,0x55,0x55,0x25,0xcc,0xcc,0xcc,0xcc,0xcc,0xcc,0x55,0x25,0x55,0x55,0x55,0x55,0xcc,0xcc,0xcc
	db 0x9c,0xcc,0xcc,0x55,0x55,0x55,0x55,0x55,0x25,0xcc,0xcc,0xcc,0xcc,0xcc,0xcc,0x55,0x25,0x55,0x55,0x55,0x55,0xcc,0xcc,0xcc,0x9c,0xcc,0xcc,0x55,0x55,0x55,0x55,0x55
	db 0x25,0xcc,0xcc,0xcc,0xcc,0xcc,0xcc,0x55,0x25,0x55,0x55,0x55,0x55,0xcc,0xcc,0xcc,0x9c,0xcc,0xcc,0x55,0x55,0x55,0x55,0x55,0x25,0xcc,0xcc,0xcc,0xcc,0xcc,0xcc,0x55
	db 0x2c,0xcc,0xcc,0xcc,0xcc,0xcc,0xc5,0x55,0x25,0x55,0x55,0x55,0x5c,0xcc,0xcc,0xcc,0x9c,0xcc,0xc5,0x55,0x55,0x55,0x55,0x55,0x2c,0xcc,0xcc,0xcc,0xcc,0xcc,0xc5,0x55
	db 0x25,0x55,0x55,0x55,0x5c,0xcc,0xcc,0xcc,0x9c,0xcc,0xc5,0x55,0x55,0x55,0x55,0x55,0x2c,0xcc,0xcc,0xcc,0xcc,0xcc,0xc5,0x55,0x25,0x55,0x55,0x55,0x5c,0xcc,0xcc,0xcc
	db 0x9c,0xcc,0xc5,0x55,0x55,0x55,0x55,0x55,0x2c,0xcc,0xcc,0xcc,0xcc,0xcc,0xc5,0x55,0x25,0x55,0x55,0x55,0x5c,0xcc,0xcc,0xcc,0x9c,0xcc,0xc5,0x55,0x55,0x55,0x55,0x55
	db 0x2c,0xcc,0xcc,0xcc,0xcc,0xcc,0xc5,0x55,0x25,0x55,0x55,0x55,0x5c,0xcc,0xcc,0xcc,0x9c,0xcc,0xc5,0x55,0x55,0x55,0x55,0x55,0x2c,0xcc,0xcc,0xcc,0xcc,0xcc,0xc5,0x55
	db 0x9c,0xcc,0xcc,0xcc,0xcc,0xcc,0x55,0x55,0x25,0x55,0x55,0x55,0xcc,0xcc,0xcc,0xcc,0x9c,0xcc,0x55,0x55,0x55,0x55,0x55,0x55,0x9c,0xcc,0xcc,0xcc,0xcc,0xcc,0x55,0x55
	db 0x25,0x55,0x55,0x55,0xcc,0xcc,0xcc,0xcc,0x9c,0xcc,0x55,0x55,0x55,0x55,0x55,0x55,0x9c,0xcc,0xcc,0xcc,0xcc,0xcc,0x55,0x55,0x25,0x55,0x55,0x55,0xcc,0xcc,0xcc,0xcc
	db 0x9c,0xcc,0x55,0x55,0x55,0x55,0x55,0x55,0x9c,0xcc,0xcc,0xcc,0xcc,0xcc,0x55,0x55,0x25,0x55,0x55,0x55,0xcc,0xcc,0xcc,0xcc,0x9c,0xcc,0x55,0x55,0x55,0x55,0x55,0x55
	db 0x9c,0xcc,0xcc,0xcc,0xcc,0xcc,0x55,0x55,0x25,0x55,0x55,0x55,0xcc,0xcc,0xcc,0xcc,0x9c,0xcc,0x55,0x55,0x55,0x55,0x55,0x55,0x9c,0xcc,0xcc,0xcc,0xcc,0xcc,0x55,0x55
	db 0x9c,0xcc,0xcc,0xcc,0xcc,0xc5,0x55,0x55,0x25,0x55,0x55,0x5c,0xcc,0xcc,0xcc,0xcc,0x9c,0xc5,0x55,0x55,0x55,0x55,0x55,0x5c,0x9c,0xcc,0xcc,0xcc,0xcc,0xc5,0x55,0x55
	db 0x25,0x55,0x55,0x5c,0xcc,0xcc,0xcc,0xcc,0x9c,0xc5,0x55,0x55,0x55,0x55,0x55,0x5c,0x9c,0xcc,0xcc,0xcc,0xcc,0xc5,0x55,0x55,0x25,0x55,0x55,0x5c,0xcc,0xcc,0xcc,0xcc
	db 0x9c,0xc5,0x55,0x55,0x55,0x55,0x55,0x5c,0x9c,0xcc,0xcc,0xcc,0xcc,0xc5,0x55,0x55,0x25,0x55,0x55,0x5c,0xcc,0xcc,0xcc,0xcc,0x9c,0xc5,0x55,0x55,0x55,0x55,0x55,0x5c
	db 0x9c,0xcc,0xcc,0xcc,0xcc,0xc5,0x55,0x55,0x25,0x55,0x55,0x5c,0xcc,0xcc,0xcc,0xcc,0x9c,0xc5,0x55,0x55,0x55,0x55,0x55,0x5c,0x9c,0xcc,0xcc,0xcc,0xcc,0xc5,0x55,0x55
	db 0x9c,0xcc,0xcc,0xcc,0xcc,0x55,0x55,0x55,0x25,0x55,0x55,0xcc,0xcc,0xcc,0xcc,0xcc,0x9c,0x55,0x55,0x55,0x55,0x55,0x55,0xcc,0x9c,0xcc,0xcc,0xcc,0xcc,0x55,0x55,0x55
	db 0x25,0x55,0x55,0xcc,0xcc,0xcc,0xcc,0xcc,0x9c,0x55,0x55,0x55,0x55,0x55,0x55,0xcc,0x9c,0xcc,0xcc,0xcc,0xcc,0x55,0x55,0x55,0x25,0x55,0x55,0xcc,0xcc,0xcc,0xcc,0xcc
	db 0x9c,0x55,0x55,0x55,0x55,0x55,0x55,0xcc,0x9c,0xcc,0xcc,0xcc,0xcc,0x55,0x55,0x55,0x25,0x55,0x55,0xcc,0xcc,0xcc,0xcc,0xcc,0x9c,0x55,0x55,0x55,0x55,0x55,0x55,0xcc
	db 0x9c,0xcc,0xcc,0xcc,0xcc,0x55,0x55,0x55,0x25,0x55,0x55,0xcc,0xcc,0xcc,0xcc,0xcc,0x9c,0x55,0x55,0x55,0x55,0x55,0x55,0xcc,0x9c,0xcc,0xcc,0xcc,0xcc,0x55,0x55,0x55
	db 0x9c,0xcc,0xcc,0xcc,0xc5,0x55,0x55,0x55,0x25,0x55,0x5c,0xcc,0xcc,0xcc,0xcc,0xcc,0x95,0x55,0x55,0x55,0x55,0x55,0x5c,0xcc,0x9c,0xcc,0xcc,0xcc,0xc5,0x55,0x55,0x55
	db 0x25,0x55,0x5c,0xcc,0xcc,0xcc,0xcc,0xcc,0x95,0x55,0x55,0x55,0x55,0x55,0x5c,0xcc,0x9c,0xcc,0xcc,0xcc,0xc5,0x55,0x55,0x55,0x25,0x55,0x5c,0xcc,0xcc,0xcc,0xcc,0xcc
	db 0x95,0x55,0x55,0x55,0x55,0x55,0x5c,0xcc,0x9c,0xcc,0xcc,0xcc,0xc5,0x55,0x55,0x55,0x25,0x55,0x5c,0xcc,0xcc,0xcc,0xcc,0xcc,0x95,0x55,0x55,0x55,0x55,0x55,0x5c,0xcc
	db 0x9c,0xcc,0xcc,0xcc,0xc5,0x55,0x55,0x55,0x25,0x55,0x5c,0xcc,0xcc,0xcc,0xcc,0xcc,0x95,0x55,0x55,0x55,0x55,0x55,0x5c,0xcc,0x9c,0xcc,0xcc,0xcc,0xc5,0x55,0x55,0x55
	db 0x99,0x99,0x99,0x99,0x22,0x22,0x22,0x22,0x22,0x22,0x99,0x99,0x99,0x99,0x99,0x99,0x22,0x22,0x22,0x22,0x22,0x22,0x99,0x99,0x99,0x99,0x99,0x99,0x22,0x22,0x22,0x22
	db 0x22,0x22,0x99,0x99,0x99,0x99,0x99,0x99,0x22,0x22,0x22,0x22,0x22,0x22,0x99,0x99,0x99,0x99,0x99,0x99,0x22,0x22,0x22,0x22,0x22,0x22,0x99,0x99,0x99,0x99,0x99,0x99
	db 0x22,0x22,0x22,0x22,0x22,0x22,0x99,0x99,0x99,0x99,0x99,0x99,0x22,0x22,0x22,0x22,0x22,0x22,0x99,0x99,0x99,0x99,0x99,0x99,0x22,0x22,0x22,0x22,0x22,0x22,0x99,0x99
	db 0x99,0x99,0x99,0x99,0x22,0x22,0x22,0x22,0x22,0x22,0x99,0x99,0x99,0x99,0x99,0x99,0x22,0x22,0x22,0x22,0x22,0x22,0x99,0x99,0x99,0x99,0x99,0x99,0x22,0x22,0x22,0x22
	db 0x9c,0xcc,0xcc,0xc5,0x55,0x55,0x55,0x55,0x25,0x5c,0xcc,0xcc,0xcc,0xcc,0xcc,0xc5,0x25,0x55,0x55,0x55,0x55,0x5c,0xcc,0xcc,0x9c,0xcc,0xcc,0xc5,0x55,0x55,0x55,0x55
	db 0x25,0x5c,0xcc,0xcc,0xcc,0xcc,0xcc,0xc5,0x25,0x55,0x55,0x55,0x55,0x5c,0xcc,0xcc,0x9c,0xcc,0xcc,0xc5,0x55,0x55,0x55,0x55,0x25,0x5c,0xcc,0xcc,0xcc,0xcc,0xcc,0xc5
	db 0x25,0x55,0x55,0x55,0x55,0x5c,0xcc,0xcc,0x9c,0xcc,0xcc,0xc5,0x55,0x55,0x55,0x55,0x25,0x5c,0xcc,0xcc,0xcc,0xcc,0xcc,0xc5,0x25,0x55,0x55,0x55,0x55,0x5c,0xcc,0xcc
	db 0x9c,0xcc,0xcc,0xc5,0x55,0x55,0x55,0x55,0x25,0x5c,0xcc,0xcc,0xcc,0xcc,0xcc,0xc5,0x25,0x55,0x55,0x55,0x55,0x5c,0xcc,0xcc,0x9c,0xcc,0xcc,0xc5,0x55,0x55,0x55,0x55
	db 0x9c,0xcc,0xcc,0x55,0x55,0x55,0x55,0x55,0x25,0xcc,0xcc,0xcc,0xcc,0xcc,0xcc,0x55,0x25,0x55,0x55,0x55,0x55,0xcc,0xcc,0xcc,0x9c,0xcc,0xcc,0x55,0x55,0x55,0x55,0x55
	db 0x25,0xcc,0xcc,0xcc,0xcc,0xcc,0xcc,0x55,0x25,0x55,0x55,0x55,0x55,0xcc,0xcc,0xcc,0x9c,0xcc,0xcc,0x55,0x55,0x55,0x55,0x55,0x25,0xcc,0xcc,0xcc,0xcc,0xcc,0xcc,0x55
	db 0x25,0x55,0x55,0x55,0x55,0xcc,0xcc,0xcc,0x9c,0xcc,0xcc,0x55,0x55,0x55,0x55,0x55,0x25,0xcc,0xcc,0xcc,0xcc,0xcc,0xcc,0x55,0x25,0x55,0x55,0x55,0x55,0xcc,0xcc,0xcc
	db 0x9c,0xcc,0xcc,0x55,0x55,0x55,0x55,0x55,0x25,0xcc,0xcc,0xcc,0xcc,0xcc,0xcc,0x55,0x25,0x55,0x55,0x55,0x55,0xcc,0xcc,0xcc,0x9c,0xcc,0xcc,0x55,0x55,0x55,0x55,0x55
	db 0x9c,0xcc,0xc5,0x55,0x55,0x55,0x55,0x55,0x2c,0xcc,0xcc,0xcc,0xcc,0xcc,0xc5,0x55,0x25,0x55,0x55,0x55,0x5c,0xcc,0xcc,0xcc,0x9c,0xcc,0xc5,0x55,0x55,0x55,0x55,0x55
	db 0x2c,0xcc,0xcc,0xcc,0xcc,0xcc,0xc5,0x55,0x25,0x55,0x55,0x55,0x5c,0xcc,0xcc,0xcc,0x9c,0xcc,0xc5,0x55,0x55,0x55,0x55,0x55,0x2c,0xcc,0xcc,0xcc,0xcc,0xcc,0xc5,0x55
	db 0x25,0x55,0x55,0x55,0x5c,0xcc,0xcc,0xcc,0x9c,0xcc,0xc5,0x55,0x55,0x55,0x55,0x55,0x2c,0xcc,0xcc,0xcc,0xcc,0xcc,0xc5,0x55,0x25,0x55,0x55,0x55,0x5c,0xcc,0xcc,0xcc
	db 0x9c,0xcc,0xc5,0x55,0x55,0x55,0x55,0x55,0x2c,0xcc,0xcc,0xcc,0xcc,0xcc,0xc5,0x55,0x25,0x55,0x55,0x55,0x5c,0xcc,0xcc,0xcc,0x9c,0xcc,0xc5,0x55,0x55,0x55,0x55,0x55
	db 0x9c,0xcc,0x55,0x55,0x55,0x55,0x55,0x55,0x9c,0xcc,0xcc,0xcc,0xcc,0xcc,0x55,0x55,0x25,0x55,0x55,0x55,0xcc,0xcc,0xcc,0xcc,0x9c,0xcc,0x55,0x55,0x55,0x55,0x55,0x55
	db 0x9c,0xcc,0xcc,0xcc,0xcc,0xcc,0x55,0x55,0x25,0x55,0x55,0x55,0xcc,0xcc,0xcc,0xcc,0x9c,0xcc,0x55,0x55,0x55,0x55,0x55,0x55,0x9c,0xcc,0xcc,0xcc,0xcc,0xcc,0x55,0x55
	db 0x25,0x55,0x55,0x55,0xcc,0xcc,0xcc,0xcc,0x9c,0xcc,0x55,0x55,0x55,0x55,0x55,0x55,0x9c,0xcc,0xcc,0xcc,0xcc,0xcc,0x55,0x55,0x25,0x55,0x55,0x55,0xcc,0xcc,0xcc,0xcc
	db 0x9c,0xcc,0x55,0x55,0x55,0x55,0x55,0x55,0x9c,0xcc,0xcc,0xcc,0xcc,0xcc,0x55,0x55,0x25,0x55,0x55,0x55,0xcc,0xcc,0xcc,0xcc,0x9c,0xcc,0x55,0x55,0x55,0x55,0x55,0x55
	db 0x9c,0xc5,0x55,0x55,0x55,0x55,0x55,0x5c,0x9c,0xcc,0xcc,0xcc,0xcc,0xc5,0x55,0x55,0x25,0x55,0x55,0x5c,0xcc,0xcc,0xcc,0xcc,0x9c,0xc5,0x55,0x55,0x55,0x55,0x55,0x5c
	db 0x9c,0xcc,0xcc,0xcc,0xcc,0xc5,0x55,0x55,0x25,0x55,0x55,0x5c,0xcc,0xcc,0xcc,0xcc,0x9c,0xc5,0x55,0x55,0x55,0x55,0x55,0x5c,0x9c,0xcc,0xcc,0xcc,0xcc,0xc5,0x55,0x55
	db 0x25,0x55,0x55,0x5c,0xcc,0xcc,0xcc,0xcc,0x9c,0xc5,0x55,0x55,0x55,0x55,0x55,0x5c,0x9c,0xcc,0xcc,0xcc,0xcc,0xc5,0x55,0x55,0x25,0x55,0x55,0x5c,0xcc,0xcc,0xcc,0xcc
	db 0x9c,0xc5,0x55,0x55,0x55,0x55,0x55,0x5c,0x9c,0xcc,0xcc,0xcc,0xcc,0xc5,0x55,0x55,0x25,0x55,0x55,0x5c,0xcc,0xcc,0xcc,0xcc,0x9c,0xc5,0x55,0x55,0x55,0x55,0x55,0x5c
	db 0x9c,0x55,0x55,0x55,0x55,0x55,0x55,0xcc,0x9c,0xcc,0xcc,0xcc,0xcc,0x55,0x55,0x55,0x25,0x55,0x55,0xcc,0xcc,0xcc,0xcc,0xcc,0x9c,0x55,0x55,0x55,0x55,0x55,0x55,0xcc
	db 0x9c,0xcc,0xcc,0xcc,0xcc,0x55,0x55,0x55,0x25,0x55,0x55,0xcc,0xcc,0xcc,0xcc,0xcc,0x9c,0x55,0x55,0x55,0x55,0x55,0x55,0xcc,0x9c,0xcc,0xcc,0xcc,0xcc,0x55,0x55,0x55
	db 0x25,0x55,0x55,0xcc,0xcc,0xcc,0xcc,0xcc,0x9c,0x55,0x55,0x55,0x55,0x55,0x55,0xcc,0x9c,0xcc,0xcc,0xcc,0xcc,0x55,0x55,0x55,0x25,0x55,0x55,0xcc,0xcc,0xcc,0xcc,0xcc
	db 0x9c,0x55,0x55,0x55,0x55,0x55,0x55,0xcc,0x9c,0xcc,0xcc,0xcc,0xcc,0x55,0x55,0x55,0x25,0x55,0x55,0xcc,0xcc,0xcc,0xcc,0xcc,0x9c,0x55,0x55,0x55,0x55,0x55,0x55,0xcc
	db 0x95,0x55,0x55,0x5c,0xc5,0x55,0x5c,0xcc,0x9c,0xcc,0xcc,0xc5,0x55,0x55,0x55,0x55,0x25,0x55,0x5c,0xc5,0x5c,0xcc,0xcc,0xcc,0x95,0x55,0x55,0x5c,0xc5,0x55,0x5c,0xcc
	db 0x9c,0xcc,0xcc,0xc5,0x55,0x55,0x55,0x55,0x25,0x55,0x5c,0xc5,0x5c,0xcc,0xcc,0xcc,0x95,0x55,0x55,0x5c,0xc5,0x55,0x5c,0xcc,0x9c,0xcc,0xcc,0xc5,0x55,0x55,0x55,0x55
	db 0x25,0x55,0x5c,0xc5,0x5c,0xcc,0xcc,0xcc,0x95,0x55,0x55,0x5c,0xc5,0x55,0x5c,0xcc,0x9c,0xcc,0xcc,0xc5,0x55,0x55,0x55,0x55,0x25,0x55,0x5c,0xc5,0x5c,0xcc,0xcc,0xcc
	db 0x95,0x55,0x55,0x5c,0xc5,0x55,0x5c,0xcc,0x9c,0xcc,0xcc,0xc5,0x55,0x55,0x55,0x55,0x25,0x55,0x5c,0xc5,0x5c,0xcc,0xcc,0xcc,0x95,0x55,0x55,0x5c,0xc5,0x55,0x5c,0xcc
	db 0x25,0x55,0x55,0x5c,0xc5,0x55,0xcc,0xcc,0x9c,0xcc,0xcc,0xc5,0xc5,0x55,0x55,0x55,0x25,0x55,0xcc,0xc5,0x5c,0xcc,0xcc,0xcc,0x25,0x55,0x55,0x5c,0xc5,0x55,0xcc,0xcc
	db 0x9c,0xcc,0xcc,0xc5,0xc5,0x55,0x55,0x55,0x25,0x55,0xcc,0xc5,0x5c,0xcc,0xcc,0xcc,0x25,0x55,0x55,0x5c,0xc5,0x55,0xcc,0xcc,0x9c,0xcc,0xcc,0xc5,0xc5,0x55,0x55,0x55
	db 0x25,0x55,0xcc,0xc5,0x5c,0xcc,0xcc,0xcc,0x25,0x55,0x55,0x5c,0xc5,0x55,0xcc,0xcc,0x9c,0xcc,0xcc,0xc5,0xc5,0x55,0x55,0x55,0x25,0x55,0xcc,0xc5,0x5c,0xcc,0xcc,0xcc
	db 0x25,0x55,0x55,0x5c,0xc5,0x55,0xcc,0xcc,0x9c,0xcc,0xcc,0xc5,0xc5,0x55,0x55,0x55,0x25,0x55,0xcc,0xc5,0x5c,0xcc,0xcc,0xcc,0x25,0x55,0x55,0x5c,0xc5,0x55,0xcc,0xcc
	db 0x25,0x55,0x55,0x55,0x55,0x5c,0xcc,0xcc,0x9c,0xcc,0xcc,0xc5,0x55,0x55,0x55,0x55,0x25,0x5c,0xcc,0xcc,0xcc,0xcc,0xcc,0xc5,0x25,0x55,0x55,0x55,0x55,0x5c,0xcc,0xcc
	db 0x9c,0xcc,0xcc,0xc5,0x55,0x55,0x55,0x55,0x25,0x5c,0xcc,0xcc,0xcc,0xcc,0xcc,0xc5,0x25,0x55,0x55,0x55,0x55,0x5c,0xcc,0xcc,0x9c,0xcc,0xcc,0xc5,0x55,0x55,0x55,0x55
	db 0x25,0x5c,0xcc,0xcc,0xcc,0xcc,0xcc,0xc5,0x25,0x55,0x55,0x55,0x55,0x5c,0xcc,0xcc,0x9c,0xcc,0xcc,0xc5,0x55,0x55,0x55,0x55,0x25,0x5c,0xcc,0xcc,0xcc,0xcc,0xcc,0xc5
	db 0x25,0x55,0x55,0x55,0x55,0x5c,0xcc,0xcc,0x9c,0xcc,0xcc,0xc5,0x55,0x55,0x55,0x55,0x25,0x5c,0xcc,0xcc,0xcc,0xcc,0xcc,0xc5,0x25,0x55,0x55,0x55,0x55,0x5c,0xcc,0xcc
	db 0x25,0x55,0x55,0x55,0x55,0xcc,0xcc,0xcc,0x9c,0xcc,0xcc,0x55,0x55,0x55,0x55,0x55,0x25,0xcc,0xcc,0xcc,0xcc,0xcc,0xcc,0x55,0x25,0x55,0x55,0x55,0x55,0xcc,0xcc,0xcc
	db 0x9c,0xcc,0xcc,0x55,0x55,0x55,0x55,0x55,0x25,0xcc,0xcc,0xcc,0xcc,0xcc,0xcc,0x55,0x25,0x55,0x55,0x55,0x55,0xcc,0xcc,0xcc,0x9c,0xcc,0xcc,0x55,0x55,0x55,0x55,0x55
	db 0x25,0xcc,0xcc,0xcc,0xcc,0xcc,0xcc,0x55,0x25,0x55,0x55,0x55,0x55,0xcc,0xcc,0xcc,0x9c,0xcc,0xcc,0x55,0x55,0x55,0x55,0x55,0x25,0xcc,0xcc,0xcc,0xcc,0xcc,0xcc,0x55
	db 0x25,0x55,0x55,0x55,0x55,0xcc,0xcc,0xcc,0x9c,0xcc,0xcc,0x55,0x55,0x55,0x55,0x55,0x25,0xcc,0xcc,0xcc,0xcc,0xcc,0xcc,0x55,0x25,0x55,0x55,0x55,0x55,0xcc,0xcc,0xcc
	db 0x25,0x55,0x55,0x55,0x5c,0xcc,0xcc,0xcc,0x9c,0xcc,0xc5,0x55,0x55,0x55,0x55,0x55,0x2c,0xcc,0xcc,0xcc,0xcc,0xcc,0xc5,0x55,0x25,0x55,0x55,0x55,0x5c,0xcc,0xcc,0xcc
	db 0x9c,0xcc,0xc5,0x55,0x55,0x55,0x55,0x55,0x2c,0xcc,0xcc,0xcc,0xcc,0xcc,0xc5,0x55,0x25,0x55,0x55,0x55,0x5c,0xcc,0xcc,0xcc,0x9c,0xcc,0xc5,0x55,0x55,0x55,0x55,0x55
	db 0x2c,0xcc,0xcc,0xcc,0xcc,0xcc,0xc5,0x55,0x25,0x55,0x55,0x55,0x5c,0xcc,0xcc,0xcc,0x9c,0xcc,0xc5,0x55,0x55,0x55,0x55,0x55,0x2c,0xcc,0xcc,0xcc,0xcc,0xcc,0xc5,0x55
	db 0x25,0x55,0x55,0x55,0x5c,0xcc,0xcc,0xcc,0x9c,0xcc,0xc5,0x55,0x55,0x55,0x55,0x55,0x2c,0xcc,0xcc,0xcc,0xcc,0xcc,0xc5,0x55,0x25,0x55,0x55,0x55,0x5c,0xcc,0xcc,0xcc
	db 0x25,0x55,0x55,0x55,0xcc,0xcc,0xcc,0xcc,0x9c,0xcc,0x55,0x55,0x55,0x55,0x55,0x55,0x9c,0xcc,0xcc,0xcc,0xcc,0xcc,0x55,0x55,0x25,0x55,0x55,0x55,0xcc,0xcc,0xcc,0xcc
	db 0x9c,0xcc,0x55,0x55,0x55,0x55,0x55,0x55,0x9c,0xcc,0xcc,0xcc,0xcc,0xcc,0x55,0x55,0x25,0x55,0x55,0x55,0xcc,0xcc,0xcc,0xcc,0x9c,0xcc,0x55,0x55,0x55,0x55,0x55,0x55
	db 0x9c,0xcc,0xcc,0xcc,0xcc,0xcc,0x55,0x55,0x25,0x55,0x55,0x55,0xcc,0xcc,0xcc,0xcc,0x9c,0xcc,0x55,0x55,0x55,0x55,0x55,0x55,0x9c,0xcc,0xcc,0xcc,0xcc,0xcc,0x55,0x55
	db 0x25,0x55,0x55,0x55,0xcc,0xcc,0xcc,0xcc,0x9c,0xcc,0x55,0x55,0x55,0x55,0x55,0x55,0x9c,0xcc,0xcc,0xcc,0xcc,0xcc,0x55,0x55,0x25,0x55,0x55,0x55,0xcc,0xcc,0xcc,0xcc
	db 0x25,0x55,0x55,0x5c,0xcc,0xcc,0xcc,0xcc,0x9c,0xc5,0x55,0x55,0x55,0x55,0x55,0x5c,0x9c,0xcc,0xcc,0xcc,0xcc,0xc5,0x55,0x55,0x25,0x55,0x55,0x5c,0xcc,0xcc,0xcc,0xcc
	db 0x9c,0xc5,0x55,0x55,0x55,0x55,0x55,0x5c,0x9c,0xcc,0xcc,0xcc,0xcc,0xc5,0x55,0x55,0x25,0x55,0x55,0x5c,0xcc,0xcc,0xcc,0xcc,0x9c,0xc5,0x55,0x55,0x55,0x55,0x55,0x5c
	db 0x9c,0xcc,0xcc,0xcc,0xcc,0xc5,0x55,0x55,0x25,0x55,0x55,0x5c,0xcc,0xcc,0xcc,0xcc,0x9c,0xc5,0x55,0x55,0x55,0x55,0x55,0x5c,0x9c,0xcc,0xcc,0xcc,0xcc,0xc5,0x55,0x55
	db 0x25,0x55,0x55,0x5c,0xcc,0xcc,0xcc,0xcc,0x9c,0xc5,0x55,0x55,0x55,0x55,0x55,0x5c,0x9c,0xcc,0xcc,0xcc,0xcc,0xc5,0x55,0x55,0x25,0x55,0x55,0x5c,0xcc,0xcc,0xcc,0xcc
	db 0x25,0x55,0x55,0xcc,0xcc,0xcc,0xcc,0xcc,0x9c,0x55,0x55,0x55,0x55,0x55,0x55,0xcc,0x9c,0xcc,0xcc,0xcc,0xcc,0x55,0x55,0x55,0x25,0x55,0x55,0xcc,0xcc,0xcc,0xcc,0xcc
	db 0x9c,0x55,0x55,0x55,0x55,0x55,0x55,0xcc,0x9c,0xcc,0xcc,0xcc,0xcc,0x55,0x55,0x55,0x25,0x55,0x55,0xcc,0xcc,0xcc,0xcc,0xcc,0x9c,0x55,0x55,0x55,0x55,0x55,0x55,0xcc
	db 0x9c,0xcc,0xcc,0xcc,0xcc,0x55,0x55,0x55,0x25,0x55,0x55,0xcc,0xcc,0xcc,0xcc,0xcc,0x9c,0x55,0x55,0x55,0x55,0x55,0x55,0xcc,0x9c,0xcc,0xcc,0xcc,0xcc,0x55,0x55,0x55
	db 0x25,0x55,0x55,0xcc,0xcc,0xcc,0xcc,0xcc,0x9c,0x55,0x55,0x55,0x55,0x55,0x55,0xcc,0x9c,0xcc,0xcc,0xcc,0xcc,0x55,0x55,0x55,0x25,0x55,0x55,0xcc,0xcc,0xcc,0xcc,0xcc
	db 0x25,0x55,0x5c,0xcc,0xcc,0xcc,0xcc,0xcc,0x95,0x55,0x55,0x55,0x55,0x55,0x5c,0xcc,0x9c,0xcc,0xcc,0xcc,0xc5,0x55,0x55,0x55,0x25,0x55,0x5c,0xcc,0xcc,0xcc,0xcc,0xcc
	db 0x95,0x55,0x55,0x55,0x55,0x55,0x5c,0xcc,0x9c,0xcc,0xcc,0xcc,0xc5,0x55,0x55,0x55,0x25,0x55,0x5c,0xcc,0xcc,0xcc,0xcc,0xcc,0x95,0x55,0x55,0x55,0x55,0x55,0x5c,0xcc
	db 0x9c,0xcc,0xcc,0xcc,0xc5,0x55,0x55,0x55,0x25,0x55,0x5c,0xcc,0xcc,0xcc,0xcc,0xcc,0x95,0x55,0x55,0x55,0x55,0x55,0x5c,0xcc,0x9c,0xcc,0xcc,0xcc,0xc5,0x55,0x55,0x55
	db 0x25,0x55,0x5c,0xcc,0xcc,0xcc,0xcc,0xcc,0x95,0x55,0x55,0x55,0x55,0x55,0x5c,0xcc,0x9c,0xcc,0xcc,0xcc,0xc5,0x55,0x55,0x55,0x25,0x55,0x5c,0xcc,0xcc,0xcc,0xcc,0xcc
	db 0x33,0x33,0x33,0x33,0x33,0x33,0xaa,0xaa,0xaa,0xaa,0xaa,0xaa,0x33,0x33,0x33,0x33,0x33,0x33,0xaa,0xaa,0xaa,0xaa,0xaa,0xaa,0x33,0x33,0x33,0x33,0x33,0x33,0xaa,0xaa
	db 0xaa,0xaa,0xaa,0xaa,0x33,0x33,0x33,0x33,0x33,0x33,0xaa,0xaa,0xaa,0xaa,0xaa,0xaa,0x33,0x33,0x33,0x33,0x33,0x33,0xaa,0xaa,0xaa,0xaa,0xaa,0xaa,0x33,0x33,0x33,0x33
	db 0x33,0x33,0xaa,0xaa,0xaa,0xaa,0xaa,0xaa,0x33,0x33,0x33,0x33,0x33,0x33,0xaa,0xaa,0xaa,0xaa,0xaa,0xaa,0x33,0x33,0x33,0x33,0x33,0x33,0xaa,0xaa,0xaa,0xaa,0xaa,0xaa
	db 0x33,0x33,0x33,0x33,0x33,0x33,0xaa,0xaa,0xaa,0xaa,0xaa,0xaa,0x33,0x33,0x33,0x33,0x33,0x33,0xaa,0xaa,0xaa,0xaa,0xaa,0xaa,0x33,0x33,0x33,0x33,0x33,0x33,0xaa,0xaa
	db 0x36,0x66,0x66,0x66,0x66,0x6d,0xdd,0xdd,0xad,0xdd,0xdd,0xd6,0x66,0x66,0x66,0x66,0x36,0x6d,0xdd,0xdd,0xdd,0xdd,0xdd,0xd6,0x36,0x66,0x66,0x66,0x66,0x6d,0xdd,0xdd
	db 0xad,0xdd,0xdd,0xd6,0x66,0x66,0x66,0x66,0x36,0x6d,0xdd,0xdd,0xdd,0xdd,0xdd,0xd6,0x36,0x66,0x66,0x66,0x66,0x6d,0xdd,0xdd,0xad,0xdd,0xdd,0xd6,0x66,0x66,0x66,0x66
	db 0x36,0x6d,0xdd,0xdd,0xdd,0xdd,0xdd,0xd6,0x36,0x66,0x66,0x66,0x66,0x6d,0xdd,0xdd,0xad,0xdd,0xdd,0xd6,0x66,0x66,0x66,0x66,0x36,0x6d,0xdd,0xdd,0xdd,0xdd,0xdd,0xd6
	db 0x36,0x66,0x66,0x66,0x66,0x6d,0xdd,0xdd,0xad,0xdd,0xdd,0xd6,0x66,0x66,0x66,0x66,0x36,0x6d,0xdd,0xdd,0xdd,0xdd,0xdd,0xd6,0x36,0x66,0x66,0x66,0x66,0x6d,0xdd,0xdd
	db 0x36,0x66,0x66,0x66,0x66,0xdd,0xdd,0xdd,0xad,0xdd,0xdd,0x66,0x66,0x66,0x66,0x66,0x36,0xdd,0xdd,0xdd,0xdd,0xdd,0xdd,0x66,0x36,0x66,0x66,0x66,0x66,0xdd,0xdd,0xdd
	db 0xad,0xdd,0xdd,0x66,0x66,0x66,0x66,0x66,0x36,0xdd,0xdd,0xdd,0xdd,0xdd,0xdd,0x66,0x36,0x66,0x66,0x66,0x66,0xdd,0xdd,0xdd,0xad,0xdd,0xdd,0x66,0x66,0x66,0x66,0x66
	db 0x36,0xdd,0xdd,0xdd,0xdd,0xdd,0xdd,0x66,0x36,0x66,0x66,0x66,0x66,0xdd,0xdd,0xdd,0xad,0xdd,0xdd,0x66,0x66,0x66,0x66,0x66,0x36,0xdd,0xdd,0xdd,0xdd,0xdd,0xdd,0x66
	db 0x36,0x66,0x66,0x66,0x66,0xdd,0xdd,0xdd,0xad,0xdd,0xdd,0x66,0x66,0x66,0x66,0x66,0x36,0xdd,0xdd,0xdd,0xdd,0xdd,0xdd,0x66,0x36,0x66,0x66,0x66,0x66,0xdd,0xdd,0xdd
	db 0x36,0x66,0x66,0x66,0x6d,0xdd,0xdd,0xdd,0xad,0xdd,0xd6,0x66,0x66,0x66,0x66,0x66,0x3d,0xdd,0xdd,0xdd,0xdd,0xdd,0xd6,0x66,0x36,0x66,0x66,0x66,0x6d,0xdd,0xdd,0xdd
	db 0xad,0xdd,0xd6,0x66,0x66,0x66,0x66,0x66,0x3d,0xdd,0xdd,0xdd,0xdd,0xdd,0xd6,0x66,0x36,0x66,0x66,0x66,0x6d,0xdd,0xdd,0xdd,0xad,0xdd,0xd6,0x66,0x66,0x66,0x66,0x66
	db 0x3d,0xdd,0xdd,0xdd,0xdd,0xdd,0xd6,0x66,0x36,0x66,0x66,0x66,0x6d,0xdd,0xdd,0xdd,0xad,0xdd,0xd6,0x66,0x66,0x66,0x66,0x66,0x3d,0xdd,0xdd,0xdd,0xdd,0xdd,0xd6,0x66
	db 0x36,0x66,0x66,0x66,0x6d,0xdd,0xdd,0xdd,0xad,0xdd,0xd6,0x66,0x66,0x66,0x66,0x66,0x3d,0xdd,0xdd,0xdd,0xdd,0xdd,0xd6,0x66,0x36,0x66,0x66,0x66,0x6d,0xdd,0xdd,0xdd
	db 0x36,0x66,0x66,0x66,0xdd,0xdd,0xdd,0xdd,0xad,0xdd,0x66,0x66,0x66,0x66,0x66,0x66,0xad,0xdd,0xdd,0xdd,0xdd,0xdd,0x66,0x66,0x36,0x66,0x66,0x66,0xdd,0xdd,0xdd,0xdd
	db 0xad,0xdd,0x66,0x66,0x66,0x66,0x66,0x66,0xad,0xdd,0xdd,0xdd,0xdd,0xdd,0x66,0x66,0x36,0x66,0x66,0x66,0xdd,0xdd,0xdd,0xdd,0xad,0xdd,0x66,0x66,0x66,0x66,0x66,0x66
	db 0xad,0xdd,0xdd,0xdd,0xdd,0xdd,0x66,0x66,0x36,0x66,0x66,0x66,0xdd,0xdd,0xdd,0xdd,0xad,0xdd,0x66,0x66,0x66,0x66,0x66,0x66,0xad,0xdd,0xdd,0xdd,0xdd,0xdd,0x66,0x66
	db 0x36,0x66,0x66,0x66,0xdd,0xdd,0xdd,0xdd,0xad,0xdd,0x66,0x66,0x66,0x66,0x66,0x66,0xad,0xdd,0xdd,0xdd,0xdd,0xdd,0x66,0x66,0x36,0x66,0x66,0x66,0xdd,0xdd,0xdd,0xdd
	db 0x36,0x66,0x66,0x6d,0xdd,0xdd,0xdd,0xdd,0xad,0xd6,0x66,0x66,0x66,0x66,0x66,0x6d,0xad,0xdd,0xdd,0xdd,0xdd,0xd6,0x66,0x66,0x36,0x66,0x66,0x6d,0xdd,0xdd,0xdd,0xdd
	db 0xad,0xd6,0x66,0x66,0x66,0x66,0x66,0x6d,0xad,0xdd,0xdd,0xdd,0xdd,0xd6,0x66,0x66,0x36,0x66,0x66,0x6d,0xdd,0xdd,0xdd,0xdd,0xad,0xd6,0x66,0x66,0x66,0x66,0x66,0x6d
	db 0xad,0xdd,0xdd,0xdd,0xdd,0xd6,0x66,0x66,0x36,0x66,0x66,0x6d,0xdd,0xdd,0xdd,0xdd,0xad,0xd6,0x66,0x66,0x66,0x66,0x66,0x6d,0xad,0xdd,0xdd,0xdd,0xdd,0xd6,0x66,0x66
	db 0x36,0x66,0x66,0x6d,0xdd,0xdd,0xdd,0xdd,0xad,0xd6,0x66,0x66,0x66,0x66,0x66,0x6d,0xad,0xdd,0xdd,0xdd,0xdd,0xd6,0x66,0x66,0x36,0x66,0x66,0x6d,0xdd,0xdd,0xdd,0xdd
	db 0x36,0x66,0x66,0xdd,0xdd,0xdd,0xdd,0xdd,0xad,0x66,0x66,0x66,0x66,0x66,0x66,0xdd,0xad,0xdd,0xdd,0xdd,0xdd,0x66,0x66,0x66,0x36,0x66,0x66,0xdd,0xdd,0xdd,0xdd,0xdd
	db 0xad,0x66,0x66,0x66,0x66,0x66,0x66,0xdd,0xad,0xdd,0xdd,0xdd,0xdd,0x66,0x66,0x66,0x36,0x66,0x66,0xdd,0xdd,0xdd,0xdd,0xdd,0xad,0x66,0x66,0x66,0x66,0x66,0x66,0xdd
	db 0xad,0xdd,0xdd,0xdd,0xdd,0x66,0x66,0x66,0x36,0x66,0x66,0xdd,0xdd,0xdd,0xdd,0xdd,0xad,0x66,0x66,0x66,0x66,0x66,0x66,0xdd,0xad,0xdd,0xdd,0xdd,0xdd,0x66,0x66,0x66
	db 0x36,0x66,0x66,0xdd,0xdd,0xdd,0xdd,0xdd,0xad,0x66,0x66,0x66,0x66,0x66,0x66,0xdd,0xad,0xdd,0xdd,0xdd,0xdd,0x66,0x66,0x66,0x36,0x66,0x66,0xdd,0xdd,0xdd,0xdd,0xdd
	db 0x36,0x66,0x6d,0xd6,0x6d,0xdd,0xdd,0xdd,0xa6,0x66,0x66,0x6d,0xd6,0x66,0x6d,0xdd,0xad,0xdd,0xdd,0xd6,0x66,0x66,0x66,0x66,0x36,0x66,0x6d,0xd6,0x6d,0xdd,0xdd,0xdd
	db 0xa6,0x66,0x66,0x6d,0xd6,0x66,0x6d,0xdd,0xad,0xdd,0xdd,0xd6,0x66,0x66,0x66,0x66,0x36,0x66,0x6d,0xd6,0x6d,0xdd,0xdd,0xdd,0xa6,0x66,0x66,0x6d,0xd6,0x66,0x6d,0xdd
	db 0xad,0xdd,0xdd,0xd6,0x66,0x66,0x66,0x66,0x36,0x66,0x6d,0xd6,0x6d,0xdd,0xdd,0xdd,0xa6,0x66,0x66,0x6d,0xd6,0x66,0x6d,0xdd,0xad,0xdd,0xdd,0xd6,0x66,0x66,0x66,0x66
	db 0x36,0x66,0x6d,0xd6,0x6d,0xdd,0xdd,0xdd,0xa6,0x66,0x66,0x6d,0xd6,0x66,0x6d,0xdd,0xad,0xdd,0xdd,0xd6,0x66,0x66,0x66,0x66,0x36,0x66,0x6d,0xd6,0x6d,0xdd,0xdd,0xdd
	db 0x36,0x66,0xdd,0xd6,0x6d,0xdd,0xdd,0xdd,0x36,0x66,0x66,0x6d,0xd6,0x66,0xdd,0xdd,0xad,0xdd,0xdd,0xd6,0xd6,0x66,0x66,0x66,0x36,0x66,0xdd,0xd6,0x6d,0xdd,0xdd,0xdd
	db 0x36,0x66,0x66,0x6d,0xd6,0x66,0xdd,0xdd,0xad,0xdd,0xdd,0xd6,0xd6,0x66,0x66,0x66,0x36,0x66,0xdd,0xd6,0x6d,0xdd,0xdd,0xdd,0x36,0x66,0x66,0x6d,0xd6,0x66,0xdd,0xdd
	db 0xad,0xdd,0xdd,0xd6,0xd6,0x66,0x66,0x66,0x36,0x66,0xdd,0xd6,0x6d,0xdd,0xdd,0xdd,0x36,0x66,0x66,0x6d,0xd6,0x66,0xdd,0xdd,0xad,0xdd,0xdd,0xd6,0xd6,0x66,0x66,0x66
	db 0x36,0x66,0xdd,0xd6,0x6d,0xdd,0xdd,0xdd,0x36,0x66,0x66,0x6d,0xd6,0x66,0xdd,0xdd,0xad,0xdd,0xdd,0xd6,0xd6,0x66,0x66,0x66,0x36,0x66,0xdd,0xd6,0x6d,0xdd,0xdd,0xdd
	db 0x36,0x6d,0xdd,0xdd,0xdd,0xdd,0xdd,0xd6,0x36,0x66,0x66,0x66,0x66,0x6d,0xdd,0xdd,0xad,0xdd,0xdd,0xd6,0x66,0x66,0x66,0x66,0x36,0x6d,0xdd,0xdd,0xdd,0xdd,0xdd,0xd6
	db 0x36,0x66,0x66,0x66,0x66,0x6d,0xdd,0xdd,0xad,0xdd,0xdd,0xd6,0x66,0x66,0x66,0x66,0x36,0x6d,0xdd,0xdd,0xdd,0xdd,0xdd,0xd6,0x36,0x66,0x66,0x66,0x66,0x6d,0xdd,0xdd
	db 0xad,0xdd,0xdd,0xd6,0x66,0x66,0x66,0x66,0x36,0x6d,0xdd,0xdd,0xdd,0xdd,0xdd,0xd6,0x36,0x66,0x66,0x66,0x66,0x6d,0xdd,0xdd,0xad,0xdd,0xdd,0xd6,0x66,0x66,0x66,0x66
	db 0x36,0x6d,0xdd,0xdd,0xdd,0xdd,0xdd,0xd6,0x36,0x66,0x66,0x66,0x66,0x6d,0xdd,0xdd,0xad,0xdd,0xdd,0xd6,0x66,0x66,0x66,0x66,0x36,0x6d,0xdd,0xdd,0xdd,0xdd,0xdd,0xd6
	db 0x36,0xdd,0xdd,0xdd,0xdd,0xdd,0xdd,0x66,0x36,0x66,0x66,0x66,0x66,0xdd,0xdd,0xdd,0xad,0xdd,0xdd,0x66,0x66,0x66,0x66,0x66,0x36,0xdd,0xdd,0xdd,0xdd,0xdd,0xdd,0x66
	db 0x36,0x66,0x66,0x66,0x66,0xdd,0xdd,0xdd,0xad,0xdd,0xdd,0x66,0x66,0x66,0x66,0x66,0x36,0xdd,0xdd,0xdd,0xdd,0xdd,0xdd,0x66,0x36,0x66,0x66,0x66,0x66,0xdd,0xdd,0xdd
	db 0xad,0xdd,0xdd,0x66,0x66,0x66,0x66,0x66,0x36,0xdd,0xdd,0xdd,0xdd,0xdd,0xdd,0x66,0x36,0x66,0x66,0x66,0x66,0xdd,0xdd,0xdd,0xad,0xdd,0xdd,0x66,0x66,0x66,0x66,0x66
	db 0x36,0xdd,0xdd,0xdd,0xdd,0xdd,0xdd,0x66,0x36,0x66,0x66,0x66,0x66,0xdd,0xdd,0xdd,0xad,0xdd,0xdd,0x66,0x66,0x66,0x66,0x66,0x36,0xdd,0xdd,0xdd,0xdd,0xdd,0xdd,0x66
	db 0x3d,0xdd,0xdd,0xdd,0xdd,0xdd,0xd6,0x66,0x36,0x66,0x66,0x66,0x6d,0xdd,0xdd,0xdd,0xad,0xdd,0xd6,0x66,0x66,0x66,0x66,0x66,0x3d,0xdd,0xdd,0xdd,0xdd,0xdd,0xd6,0x66
	db 0x36,0x66,0x66,0x66,0x6d,0xdd,0xdd,0xdd,0xad,0xdd,0xd6,0x66,0x66,0x66,0x66,0x66,0x3d,0xdd,0xdd,0xdd,0xdd,0xdd,0xd6,0x66,0x36,0x66,0x66,0x66,0x6d,0xdd,0xdd,0xdd
	db 0xad,0xdd,0xd6,0x66,0x66,0x66,0x66,0x66,0x3d,0xdd,0xdd,0xdd,0xdd,0xdd,0xd6,0x66,0x36,0x66,0x66,0x66,0x6d,0xdd,0xdd,0xdd,0xad,0xdd,0xd6,0x66,0x66,0x66,0x66,0x66
	db 0x3d,0xdd,0xdd,0xdd,0xdd,0xdd,0xd6,0x66,0x36,0x66,0x66,0x66,0x6d,0xdd,0xdd,0xdd,0xad,0xdd,0xd6,0x66,0x66,0x66,0x66,0x66,0x3d,0xdd,0xdd,0xdd,0xdd,0xdd,0xd6,0x66
	db 0xad,0xdd,0xdd,0xdd,0xdd,0xdd,0x66,0x66,0x36,0x66,0x66,0x66,0xdd,0xdd,0xdd,0xdd,0xad,0xdd,0x66,0x66,0x66,0x66,0x66,0x66,0xad,0xdd,0xdd,0xdd,0xdd,0xdd,0x66,0x66
	db 0x36,0x66,0x66,0x66,0xdd,0xdd,0xdd,0xdd,0xad,0xdd,0x66,0x66,0x66,0x66,0x66,0x66,0xad,0xdd,0xdd,0xdd,0xdd,0xdd,0x66,0x66,0x36,0x66,0x66,0x66,0xdd,0xdd,0xdd,0xdd
	db 0xad,0xdd,0x66,0x66,0x66,0x66,0x66,0x66,0xad,0xdd,0xdd,0xdd,0xdd,0xdd,0x66,0x66,0x36,0x66,0x66,0x66,0xdd,0xdd,0xdd,0xdd,0xad,0xdd,0x66,0x66,0x66,0x66,0x66,0x66
	db 0xad,0xdd,0xdd,0xdd,0xdd,0xdd,0x66,0x66,0x36,0x66,0x66,0x66,0xdd,0xdd,0xdd,0xdd,0xad,0xdd,0x66,0x66,0x66,0x66,0x66,0x66,0xad,0xdd,0xdd,0xdd,0xdd,0xdd,0x66,0x66
	db 0xad,0xdd,0xdd,0xdd,0xdd,0xd6,0x66,0x66,0x36,0x66,0x66,0x6d,0xdd,0xdd,0xdd,0xdd,0xad,0xd6,0x66,0x66,0x66,0x66,0x66,0x6d,0xad,0xdd,0xdd,0xdd,0xdd,0xd6,0x66,0x66
	db 0x36,0x66,0x66,0x6d,0xdd,0xdd,0xdd,0xdd,0xad,0xd6,0x66,0x66,0x66,0x66,0x66,0x6d,0xad,0xdd,0xdd,0xdd,0xdd,0xd6,0x66,0x66,0x36,0x66,0x66,0x6d,0xdd,0xdd,0xdd,0xdd
	db 0xad,0xd6,0x66,0x66,0x66,0x66,0x66,0x6d,0xad,0xdd,0xdd,0xdd,0xdd,0xd6,0x66,0x66,0x36,0x66,0x66,0x6d,0xdd,0xdd,0xdd,0xdd,0xad,0xd6,0x66,0x66,0x66,0x66,0x66,0x6d
	db 0xad,0xdd,0xdd,0xdd,0xdd,0xd6,0x66,0x66,0x36,0x66,0x66,0x6d,0xdd,0xdd,0xdd,0xdd,0xad,0xd6,0x66,0x66,0x66,0x66,0x66,0x6d,0xad,0xdd,0xdd,0xdd,0xdd,0xd6,0x66,0x66
	db 0xad,0xdd,0xdd,0xdd,0xdd,0x66,0x66,0x66,0x36,0x66,0x66,0xdd,0xdd,0xdd,0xdd,0xdd,0xad,0x66,0x66,0x66,0x66,0x66,0x66,0xdd,0xad,0xdd,0xdd,0xdd,0xdd,0x66,0x66,0x66
	db 0x36,0x66,0x66,0xdd,0xdd,0xdd,0xdd,0xdd,0xad,0x66,0x66,0x66,0x66,0x66,0x66,0xdd,0xad,0xdd,0xdd,0xdd,0xdd,0x66,0x66,0x66,0x36,0x66,0x66,0xdd,0xdd,0xdd,0xdd,0xdd
	db 0xad,0x66,0x66,0x66,0x66,0x66,0x66,0xdd,0xad,0xdd,0xdd,0xdd,0xdd,0x66,0x66,0x66,0x36,0x66,0x66,0xdd,0xdd,0xdd,0xdd,0xdd,0xad,0x66,0x66,0x66,0x66,0x66,0x66,0xdd
	db 0xad,0xdd,0xdd,0xdd,0xdd,0x66,0x66,0x66,0x36,0x66,0x66,0xdd,0xdd,0xdd,0xdd,0xdd,0xad,0x66,0x66,0x66,0x66,0x66,0x66,0xdd,0xad,0xdd,0xdd,0xdd,0xdd,0x66,0x66,0x66
	db 0xad,0xdd,0xdd,0xdd,0xd6,0x66,0x66,0x66,0x36,0x66,0x6d,0xdd,0xdd,0xdd,0xdd,0xdd,0xa6,0x66,0x66,0x66,0x66,0x66,0x6d,0xdd,0xad,0xdd,0xdd,0xdd,0xd6,0x66,0x66,0x66
	db 0x36,0x66,0x6d,0xdd,0xdd,0xdd,0xdd,0xdd,0xa6,0x66,0x66,0x66,0x66,0x66,0x6d,0xdd,0xad,0xdd,0xdd,0xdd,0xd6,0x66,0x66,0x66,0x36,0x66,0x6d,0xdd,0xdd,0xdd,0xdd,0xdd
	db 0xa6,0x66,0x66,0x66,0x66,0x66,0x6d,0xdd,0xad,0xdd,0xdd,0xdd,0xd6,0x66,0x66,0x66,0x36,0x66,0x6d,0xdd,0xdd,0xdd,0xdd,0xdd,0xa6,0x66,0x66,0x66,0x66,0x66,0x6d,0xdd
	db 0xad,0xdd,0xdd,0xdd,0xd6,0x66,0x66,0x66,0x36,0x66,0x6d,0xdd,0xdd,0xdd,0xdd,0xdd,0xa6,0x66,0x66,0x66,0x66,0x66,0x6d,0xdd,0xad,0xdd,0xdd,0xdd,0xd6,0x66,0x66,0x66
	db 0xaa,0xaa,0xaa,0xaa,0x33,0x33,0x33,0x33,0x33,0x33,0xaa,0xaa,0xaa,0xaa,0xaa,0xaa,0x33,0x33,0x33,0x33,0x33,0x33,0xaa,0xaa,0xaa,0xaa,0xaa,0xaa,0x33,0x33,0x33,0x33
	db 0x33,0x33,0xaa,0xaa,0xaa,0xaa,0xaa,0xaa,0x33,0x33,0x33,0x33,0x33,0x33,0xaa,0xaa,0xaa,0xaa,0xaa,0xaa,0x33,0x33,0x33,0x33,0x33,0x33,0xaa,0xaa,0xaa,0xaa,0xaa,0xaa
	db 0x33,0x33,0x33,0x33,0x33,0x33,0xaa,0xaa,0xaa,0xaa,0xaa,0xaa,0x33,0x33,0x33,0x33,0x33,0x33,0xaa,0xaa,0xaa,0xaa,0xaa,0xaa,0x33,0x33,0x33,0x33,0x33,0x33,0xaa,0xaa
	db 0xaa,0xaa,0xaa,0xaa,0x33,0x33,0x33,0x33,0x33,0x33,0xaa,0xaa,0xaa,0xaa,0xaa,0xaa,0x33,0x33,0x33,0x33,0x33,0x33,0xaa,0xaa,0xaa,0xaa,0xaa,0xaa,0x33,0x33,0x33,0x33
	db 0xad,0xdd,0xdd,0xd6,0x66,0x66,0x66,0x66,0x36,0x6d,0xdd,0xdd,0xdd,0xdd,0xdd,0xd6,0x36,0x66,0x66,0x66,0x66,0x6d,0xdd,0xdd,0xad,0xdd,0xdd,0xd6,0x66,0x66,0x66,0x66
	db 0x36,0x6d,0xdd,0xdd,0xdd,0xdd,0xdd,0xd6,0x36,0x66,0x66,0x66,0x66,0x6d,0xdd,0xdd,0xad,0xdd,0xdd,0xd6,0x66,0x66,0x66,0x66,0x36,0x6d,0xdd,0xdd,0xdd,0xdd,0xdd,0xd6
	db 0x36,0x66,0x66,0x66,0x66,0x6d,0xdd,0xdd,0xad,0xdd,0xdd,0xd6,0x66,0x66,0x66,0x66,0x36,0x6d,0xdd,0xdd,0xdd,0xdd,0xdd,0xd6,0x36,0x66,0x66,0x66,0x66,0x6d,0xdd,0xdd
	db 0xad,0xdd,0xdd,0xd6,0x66,0x66,0x66,0x66,0x36,0x6d,0xdd,0xdd,0xdd,0xdd,0xdd,0xd6,0x36,0x66,0x66,0x66,0x66,0x6d,0xdd,0xdd,0xad,0xdd,0xdd,0xd6,0x66,0x66,0x66,0x66
	db 0xad,0xdd,0xdd,0x66,0x66,0x66,0x66,0x66,0x36,0xdd,0xdd,0xdd,0xdd,0xdd,0xdd,0x66,0x36,0x66,0x66,0x66,0x66,0xdd,0xdd,0xdd,0xad,0xdd,0xdd,0x66,0x66,0x66,0x66,0x66
	db 0x36,0xdd,0xdd,0xdd,0xdd,0xdd,0xdd,0x66,0x36,0x66,0x66,0x66,0x66,0xdd,0xdd,0xdd,0xad,0xdd,0xdd,0x66,0x66,0x66,0x66,0x66,0x36,0xdd,0xdd,0xdd,0xdd,0xdd,0xdd,0x66
	db 0x36,0x66,0x66,0x66,0x66,0xdd,0xdd,0xdd,0xad,0xdd,0xdd,0x66,0x66,0x66,0x66,0x66,0x36,0xdd,0xdd,0xdd,0xdd,0xdd,0xdd,0x66,0x36,0x66,0x66,0x66,0x66,0xdd,0xdd,0xdd
	db 0xad,0xdd,0xdd,0x66,0x66,0x66,0x66,0x66,0x36,0xdd,0xdd,0xdd,0xdd,0xdd,0xdd,0x66,0x36,0x66,0x66,0x66,0x66,0xdd,0xdd,0xdd,0xad,0xdd,0xdd,0x66,0x66,0x66,0x66,0x66
	db 0xad,0xdd,0xd6,0x66,0x66,0x66,0x66,0x66,0x3d,0xdd,0xdd,0xdd,0xdd,0xdd,0xd6,0x66,0x36,0x66,0x66,0x66,0x6d,0xdd,0xdd,0xdd,0xad,0xdd,0xd6,0x66,0x66,0x66,0x66,0x66
	db 0x3d,0xdd,0xdd,0xdd,0xdd,0xdd,0xd6,0x66,0x36,0x66,0x66,0x66,0x6d,0xdd,0xdd,0xdd,0xad,0xdd,0xd6,0x66,0x66,0x66,0x66,0x66,0x3d,0xdd,0xdd,0xdd,0xdd,0xdd,0xd6,0x66
	db 0x36,0x66,0x66,0x66,0x6d,0xdd,0xdd,0xdd,0xad,0xdd,0xd6,0x66,0x66,0x66,0x66,0x66,0x3d,0xdd,0xdd,0xdd,0xdd,0xdd,0xd6,0x66,0x36,0x66,0x66,0x66,0x6d,0xdd,0xdd,0xdd
	db 0xad,0xdd,0xd6,0x66,0x66,0x66,0x66,0x66,0x3d,0xdd,0xdd,0xdd,0xdd,0xdd,0xd6,0x66,0x36,0x66,0x66,0x66,0x6d,0xdd,0xdd,0xdd,0xad,0xdd,0xd6,0x66,0x66,0x66,0x66,0x66
	db 0xad,0xdd,0x66,0x66,0x66,0x66,0x66,0x66,0xad,0xdd,0xdd,0xdd,0xdd,0xdd,0x66,0x66,0x36,0x66,0x66,0x66,0xdd,0xdd,0xdd,0xdd,0xad,0xdd,0x66,0x66,0x66,0x66,0x66,0x66
	db 0xad,0xdd,0xdd,0xdd,0xdd,0xdd,0x66,0x66,0x36,0x66,0x66,0x66,0xdd,0xdd,0xdd,0xdd,0xad,0xdd,0x66,0x66,0x66,0x66,0x66,0x66,0xad,0xdd,0xdd,0xdd,0xdd,0xdd,0x66,0x66
	db 0x36,0x66,0x66,0x66,0xdd,0xdd,0xdd,0xdd,0xad,0xdd,0x66,0x66,0x66,0x66,0x66,0x66,0xad,0xdd,0xdd,0xdd,0xdd,0xdd,0x66,0x66,0x36,0x66,0x66,0x66,0xdd,0xdd,0xdd,0xdd
	db 0xad,0xdd,0x66,0x66,0x66,0x66,0x66,0x66,0xad,0xdd,0xdd,0xdd,0xdd,0xdd,0x66,0x66,0x36,0x66,0x66,0x66,0xdd,0xdd,0xdd,0xdd,0xad,0xdd,0x66,0x66,0x66,0x66,0x66,0x66
	db 0xad,0xd6,0x66,0x66,0x66,0x66,0x66,0x6d,0xad,0xdd,0xdd,0xdd,0xdd,0xd6,0x66,0x66,0x36,0x66,0x66,0x6d,0xdd,0xdd,0xdd,0xdd,0xad,0xd6,0x66,0x66,0x66,0x66,0x66,0x6d
	db 0xad,0xdd,0xdd,0xdd,0xdd,0xd6,0x66,0x66,0x36,0x66,0x66,0x6d,0xdd,0xdd,0xdd,0xdd,0xad,0xd6,0x66,0x66,0x66,0x66,0x66,0x6d,0xad,0xdd,0xdd,0xdd,0xdd,0xd6,0x66,0x66
	db 0x36,0x66,0x66,0x6d,0xdd,0xdd,0xdd,0xdd,0xad,0xd6,0x66,0x66,0x66,0x66,0x66,0x6d,0xad,0xdd,0xdd,0xdd,0xdd,0xd6,0x66,0x66,0x36,0x66,0x66,0x6d,0xdd,0xdd,0xdd,0xdd
	db 0xad,0xd6,0x66,0x66,0x66,0x66,0x66,0x6d,0xad,0xdd,0xdd,0xdd,0xdd,0xd6,0x66,0x66,0x36,0x66,0x66,0x6d,0xdd,0xdd,0xdd,0xdd,0xad,0xd6,0x66,0x66,0x66,0x66,0x66,0x6d
	db 0xad,0x66,0x66,0x66,0x66,0x66,0x66,0xdd,0xad,0xdd,0xdd,0xdd,0xdd,0x66,0x66,0x66,0x36,0x66,0x66,0xdd,0xdd,0xdd,0xdd,0xdd,0xad,0x66,0x66,0x66,0x66,0x66,0x66,0xdd
	db 0xad,0xdd,0xdd,0xdd,0xdd,0x66,0x66,0x66,0x36,0x66,0x66,0xdd,0xdd,0xdd,0xdd,0xdd,0xad,0x66,0x66,0x66,0x66,0x66,0x66,0xdd,0xad,0xdd,0xdd,0xdd,0xdd,0x66,0x66,0x66
	db 0x36,0x66,0x66,0xdd,0xdd,0xdd,0xdd,0xdd,0xad,0x66,0x66,0x66,0x66,0x66,0x66,0xdd,0xad,0xdd,0xdd,0xdd,0xdd,0x66,0x66,0x66,0x36,0x66,0x66,0xdd,0xdd,0xdd,0xdd,0xdd
	db 0xad,0x66,0x66,0x66,0x66,0x66,0x66,0xdd,0xad,0xdd,0xdd,0xdd,0xdd,0x66,0x66,0x66,0x36,0x66,0x66,0xdd,0xdd,0xdd,0xdd,0xdd,0xad,0x66,0x66,0x66,0x66,0x66,0x66,0xdd
	db 0xa6,0x66,0x66,0x6d,0xd6,0x66,0x6d,0xdd,0xad,0xdd,0xdd,0xd6,0x66,0x66,0x66,0x66,0x36,0x66,0x6d,0xd6,0x6d,0xdd,0xdd,0xdd,0xa6,0x66,0x66,0x6d,0xd6,0x66,0x6d,0xdd
	db 0xad,0xdd,0xdd,0xd6,0x66,0x66,0x66,0x66,0x36,0x66,0x6d,0xd6,0x6d,0xdd,0xdd,0xdd,0xa6,0x66,0x66,0x6d,0xd6,0x66,0x6d,0xdd,0xad,0xdd,0xdd,0xd6,0x66,0x66,0x66,0x66
	db 0x36,0x66,0x6d,0xd6,0x6d,0xdd,0xdd,0xdd,0xa6,0x66,0x66,0x6d,0xd6,0x66,0x6d,0xdd,0xad,0xdd,0xdd,0xd6,0x66,0x66,0x66,0x66,0x36,0x66,0x6d,0xd6,0x6d,0xdd,0xdd,0xdd
	db 0xa6,0x66,0x66,0x6d,0xd6,0x66,0x6d,0xdd,0xad,0xdd,0xdd,0xd6,0x66,0x66,0x66,0x66,0x36,0x66,0x6d,0xd6,0x6d,0xdd,0xdd,0xdd,0xa6,0x66,0x66,0x6d,0xd6,0x66,0x6d,0xdd
	db 0x36,0x66,0x66,0x6d,0xd6,0x66,0xdd,0xdd,0xad,0xdd,0xdd,0xd6,0xd6,0x66,0x66,0x66,0x36,0x66,0xdd,0xd6,0x6d,0xdd,0xdd,0xdd,0x36,0x66,0x66,0x6d,0xd6,0x66,0xdd,0xdd
	db 0xad,0xdd,0xdd,0xd6,0xd6,0x66,0x66,0x66,0x36,0x66,0xdd,0xd6,0x6d,0xdd,0xdd,0xdd,0x36,0x66,0x66,0x6d,0xd6,0x66,0xdd,0xdd,0xad,0xdd,0xdd,0xd6,0xd6,0x66,0x66,0x66
	db 0x36,0x66,0xdd,0xd6,0x6d,0xdd,0xdd,0xdd,0x36,0x66,0x66,0x6d,0xd6,0x66,0xdd,0xdd,0xad,0xdd,0xdd,0xd6,0xd6,0x66,0x66,0x66,0x36,0x66,0xdd,0xd6,0x6d,0xdd,0xdd,0xdd
	db 0x36,0x66,0x66,0x6d,0xd6,0x66,0xdd,0xdd,0xad,0xdd,0xdd,0xd6,0xd6,0x66,0x66,0x66,0x36,0x66,0xdd,0xd6,0x6d,0xdd,0xdd,0xdd,0x36,0x66,0x66,0x6d,0xd6,0x66,0xdd,0xdd
	db 0x36,0x66,0x66,0x66,0x66,0x6d,0xdd,0xdd,0xad,0xdd,0xdd,0xd6,0x66,0x66,0x66,0x66,0x36,0x6d,0xdd,0xdd,0xdd,0xdd,0xdd,0xd6,0x36,0x66,0x66,0x66,0x66,0x6d,0xdd,0xdd
	db 0xad,0xdd,0xdd,0xd6,0x66,0x66,0x66,0x66,0x36,0x6d,0xdd,0xdd,0xdd,0xdd,0xdd,0xd6,0x36,0x66,0x66,0x66,0x66,0x6d,0xdd,0xdd,0xad,0xdd,0xdd,0xd6,0x66,0x66,0x66,0x66
	db 0x36,0x6d,0xdd,0xdd,0xdd,0xdd,0xdd,0xd6,0x36,0x66,0x66,0x66,0x66,0x6d,0xdd,0xdd,0xad,0xdd,0xdd,0xd6,0x66,0x66,0x66,0x66,0x36,0x6d,0xdd,0xdd,0xdd,0xdd,0xdd,0xd6
	db 0x36,0x66,0x66,0x66,0x66,0x6d,0xdd,0xdd,0xad,0xdd,0xdd,0xd6,0x66,0x66,0x66,0x66,0x36,0x6d,0xdd,0xdd,0xdd,0xdd,0xdd,0xd6,0x36,0x66,0x66,0x66,0x66,0x6d,0xdd,0xdd
	db 0x36,0x66,0x66,0x66,0x66,0xdd,0xdd,0xdd,0xad,0xdd,0xdd,0x66,0x66,0x66,0x66,0x66,0x36,0xdd,0xdd,0xdd,0xdd,0xdd,0xdd,0x66,0x36,0x66,0x66,0x66,0x66,0xdd,0xdd,0xdd
	db 0xad,0xdd,0xdd,0x66,0x66,0x66,0x66,0x66,0x36,0xdd,0xdd,0xdd,0xdd,0xdd,0xdd,0x66,0x36,0x66,0x66,0x66,0x66,0xdd,0xdd,0xdd,0xad,0xdd,0xdd,0x66,0x66,0x66,0x66,0x66
	db 0x36,0xdd,0xdd,0xdd,0xdd,0xdd,0xdd,0x66,0x36,0x66,0x66,0x66,0x66,0xdd,0xdd,0xdd,0xad,0xdd,0xdd,0x66,0x66,0x66,0x66,0x66,0x36,0xdd,0xdd,0xdd,0xdd,0xdd,0xdd,0x66
	db 0x36,0x66,0x66,0x66,0x66,0xdd,0xdd,0xdd,0xad,0xdd,0xdd,0x66,0x66,0x66,0x66,0x66,0x36,0xdd,0xdd,0xdd,0xdd,0xdd,0xdd,0x66,0x36,0x66,0x66,0x66,0x66,0xdd,0xdd,0xdd
	db 0x36,0x66,0x66,0x66,0x6d,0xdd,0xdd,0xdd,0xad,0xdd,0xd6,0x66,0x66,0x66,0x66,0x66,0x3d,0xdd,0xdd,0xdd,0xdd,0xdd,0xd6,0x66,0x36,0x66,0x66,0x66,0x6d,0xdd,0xdd,0xdd
	db 0xad,0xdd,0xd6,0x66,0x66,0x66,0x66,0x66,0x3d,0xdd,0xdd,0xdd,0xdd,0xdd,0xd6,0x66,0x36,0x66,0x66,0x66,0x6d,0xdd,0xdd,0xdd,0xad,0xdd,0xd6,0x66,0x66,0x66,0x66,0x66
	db 0x3d,0xdd,0xdd,0xdd,0xdd,0xdd,0xd6,0x66,0x36,0x66,0x66,0x66,0x6d,0xdd,0xdd,0xdd,0xad,0xdd,0xd6,0x66,0x66,0x66,0x66,0x66,0x3d,0xdd,0xdd,0xdd,0xdd,0xdd,0xd6,0x66
	db 0x36,0x66,0x66,0x66,0x6d,0xdd,0xdd,0xdd,0xad,0xdd,0xd6,0x66,0x66,0x66,0x66,0x66,0x3d,0xdd,0xdd,0xdd,0xdd,0xdd,0xd6,0x66,0x36,0x66,0x66,0x66,0x6d,0xdd,0xdd,0xdd
	db 0x36,0x66,0x66,0x66,0xdd,0xdd,0xdd,0xdd,0xad,0xdd,0x66,0x66,0x66,0x66,0x66,0x66,0xad,0xdd,0xdd,0xdd,0xdd,0xdd,0x66,0x66,0x36,0x66,0x66,0x66,0xdd,0xdd,0xdd,0xdd
	db 0xad,0xdd,0x66,0x66,0x66,0x66,0x66,0x66,0xad,0xdd,0xdd,0xdd,0xdd,0xdd,0x66,0x66,0x36,0x66,0x66,0x66,0xdd,0xdd,0xdd,0xdd,0xad,0xdd,0x66,0x66,0x66,0x66,0x66,0x66
	db 0xad,0xdd,0xdd,0xdd,0xdd,0xdd,0x66,0x66,0x36,0x66,0x66,0x66,0xdd,0xdd,0xdd,0xdd,0xad,0xdd,0x66,0x66,0x66,0x66,0x66,0x66,0xad,0xdd,0xdd,0xdd,0xdd,0xdd,0x66,0x66
	db 0x36,0x66,0x66,0x66,0xdd,0xdd,0xdd,0xdd,0xad,0xdd,0x66,0x66,0x66,0x66,0x66,0x66,0xad,0xdd,0xdd,0xdd,0xdd,0xdd,0x66,0x66,0x36,0x66,0x66,0x66,0xdd,0xdd,0xdd,0xdd
	db 0x36,0x66,0x66,0x6d,0xdd,0xdd,0xdd,0xdd,0xad,0xd6,0x66,0x66,0x66,0x66,0x66,0x6d,0xad,0xdd,0xdd,0xdd,0xdd,0xd6,0x66,0x66,0x36,0x66,0x66,0x6d,0xdd,0xdd,0xdd,0xdd
	db 0xad,0xd6,0x66,0x66,0x66,0x66,0x66,0x6d,0xad,0xdd,0xdd,0xdd,0xdd,0xd6,0x66,0x66,0x36,0x66,0x66,0x6d,0xdd,0xdd,0xdd,0xdd,0xad,0xd6,0x66,0x66,0x66,0x66,0x66,0x6d
	db 0xad,0xdd,0xdd,0xdd,0xdd,0xd6,0x66,0x66,0x36,0x66,0x66,0x6d,0xdd,0xdd,0xdd,0xdd,0xad,0xd6,0x66,0x66,0x66,0x66,0x66,0x6d,0xad,0xdd,0xdd,0xdd,0xdd,0xd6,0x66,0x66
	db 0x36,0x66,0x66,0x6d,0xdd,0xdd,0xdd,0xdd,0xad,0xd6,0x66,0x66,0x66,0x66,0x66,0x6d,0xad,0xdd,0xdd,0xdd,0xdd,0xd6,0x66,0x66,0x36,0x66,0x66,0x6d,0xdd,0xdd,0xdd,0xdd
	db 0x36,0x66,0x66,0xdd,0xdd,0xdd,0xdd,0xdd,0xad,0x66,0x66,0x66,0x66,0x66,0x66,0xdd,0xad,0xdd,0xdd,0xdd,0xdd,0x66,0x66,0x66,0x36,0x66,0x66,0xdd,0xdd,0xdd,0xdd,0xdd
	db 0xad,0x66,0x66,0x66,0x66,0x66,0x66,0xdd,0xad,0xdd,0xdd,0xdd,0xdd,0x66,0x66,0x66,0x36,0x66,0x66,0xdd,0xdd,0xdd,0xdd,0xdd,0xad,0x66,0x66,0x66,0x66,0x66,0x66,0xdd
	db 0xad,0xdd,0xdd,0xdd,0xdd,0x66,0x66,0x66,0x36,0x66,0x66,0xdd,0xdd,0xdd,0xdd,0xdd,0xad,0x66,0x66,0x66,0x66,0x66,0x66,0xdd,0xad,0xdd,0xdd,0xdd,0xdd,0x66,0x66,0x66
	db 0x36,0x66,0x66,0xdd,0xdd,0xdd,0xdd,0xdd,0xad,0x66,0x66,0x66,0x66,0x66,0x66,0xdd,0xad,0xdd,0xdd,0xdd,0xdd,0x66,0x66,0x66,0x36,0x66,0x66,0xdd,0xdd,0xdd,0xdd,0xdd
	db 0x36,0x66,0x6d,0xdd,0xdd,0xdd,0xdd,0xdd,0xa6,0x66,0x66,0x66,0x66,0x66,0x6d,0xdd,0xad,0xdd,0xdd,0xdd,0xd6,0x66,0x66,0x66,0x36,0x66,0x6d,0xdd,0xdd,0xdd,0xdd,0xdd
	db 0xa6,0x66,0x66,0x66,0x66,0x66,0x6d,0xdd,0xad,0xdd,0xdd,0xdd,0xd6,0x66,0x66,0x66,0x36,0x66,0x6d,0xdd,0xdd,0xdd,0xdd,0xdd,0xa6,0x66,0x66,0x66,0x66,0x66,0x6d,0xdd
	db 0xad,0xdd,0xdd,0xdd,0xd6,0x66,0x66,0x66,0x36,0x66,0x6d,0xdd,0xdd,0xdd,0xdd,0xdd,0xa6,0x66,0x66,0x66,0x66,0x66,0x6d,0xdd,0xad,0xdd,0xdd,0xdd,0xd6,0x66,0x66,0x66
	db 0x36,0x66,0x6d,0xdd,0xdd,0xdd,0xdd,0xdd,0xa6,0x66,0x66,0x66,0x66,0x66,0x6d,0xdd,0xad,0xdd,0xdd,0xdd,0xd6,0x66,0x66,0x66,0x36,0x66,0x6d,0xdd,0xdd,0xdd,0xdd,0xdd
	db 0x44,0x44,0x44,0x44,0x44,0x44,0xbb,0xbb,0xbb,0xbb,0xbb,0xbb,0x44,0x44,0x44,0x44,0x44,0x44,0xbb,0xbb,0xbb,0xbb,0xbb,0xbb,0x44,0x44,0x44,0x44,0x44,0x44,0xbb,0xbb
	db 0xbb,0xbb,0xbb,0xbb,0x44,0x44,0x44,0x44,0x44,0x44,0xbb,0xbb,0xbb,0xbb,0xbb,0xbb,0x44,0x44,0x44,0x44,0x44,0x44,0xbb,0xbb,0xbb,0xbb,0xbb,0xbb,0x44,0x44,0x44,0x44
	db 0x44,0x44,0xbb,0xbb,0xbb,0xbb,0xbb,0xbb,0x44,0x44,0x44,0x44,0x44,0x44,0xbb,0xbb,0xbb,0xbb,0xbb,0xbb,0x44,0x44,0x44,0x44,0x44,0x44,0xbb,0xbb,0xbb,0xbb,0xbb,0xbb
	db 0x44,0x44,0x44,0x44,0x44,0x44,0xbb,0xbb,0xbb,0xbb,0xbb,0xbb,0x44,0x44,0x44,0x44,0x44,0x44,0xbb,0xbb,0xbb,0xbb,0xbb,0xbb,0x44,0x44,0x44,0x44,0x44,0x44,0xbb,0xbb
	db 0x47,0x77,0x77,0x77,0x77,0x7e,0xee,0xee,0xbe,0xee,0xee,0xe7,0x77,0x77,0x77,0x77,0x47,0x7e,0xee,0xee,0xee,0xee,0xee,0xe7,0x47,0x77,0x77,0x77,0x77,0x7e,0xee,0xee
	db 0xbe,0xee,0xee,0xe7,0x77,0x77,0x77,0x77,0x47,0x7e,0xee,0xee,0xee,0xee,0xee,0xe7,0x47,0x77,0x77,0x77,0x77,0x7e,0xee,0xee,0xbe,0xee,0xee,0xe7,0x77,0x77,0x77,0x77
	db 0x47,0x7e,0xee,0xee,0xee,0xee,0xee,0xe7,0x47,0x77,0x77,0x77,0x77,0x7e,0xee,0xee,0xbe,0xee,0xee,0xe7,0x77,0x77,0x77,0x77,0x47,0x7e,0xee,0xee,0xee,0xee,0xee,0xe7
	db 0x47,0x77,0x77,0x77,0x77,0x7e,0xee,0xee,0xbe,0xee,0xee,0xe7,0x77,0x77,0x77,0x77,0x47,0x7e,0xee,0xee,0xee,0xee,0xee,0xe7,0x47,0x77,0x77,0x77,0x77,0x7e,0xee,0xee
	db 0x47,0x77,0x77,0x77,0x77,0xee,0xee,0xee,0xbe,0xee,0xee,0x77,0x77,0x77,0x77,0x77,0x47,0xee,0xee,0xee,0xee,0xee,0xee,0x77,0x47,0x77,0x77,0x77,0x77,0xee,0xee,0xee
	db 0xbe,0xee,0xee,0x77,0x77,0x77,0x77,0x77,0x47,0xee,0xee,0xee,0xee,0xee,0xee,0x77,0x47,0x77,0x77,0x77,0x77,0xee,0xee,0xee,0xbe,0xee,0xee,0x77,0x77,0x77,0x77,0x77
	db 0x47,0xee,0xee,0xee,0xee,0xee,0xee,0x77,0x47,0x77,0x77,0x77,0x77,0xee,0xee,0xee,0xbe,0xee,0xee,0x77,0x77,0x77,0x77,0x77,0x47,0xee,0xee,0xee,0xee,0xee,0xee,0x77
	db 0x47,0x77,0x77,0x77,0x77,0xee,0xee,0xee,0xbe,0xee,0xee,0x77,0x77,0x77,0x77,0x77,0x47,0xee,0xee,0xee,0xee,0xee,0xee,0x77,0x47,0x77,0x77,0x77,0x77,0xee,0xee,0xee
	db 0x47,0x77,0x77,0x77,0x7e,0xee,0xee,0xee,0xbe,0xee,0xe7,0x77,0x77,0x77,0x77,0x77,0x4e,0xee,0xee,0xee,0xee,0xee,0xe7,0x77,0x47,0x77,0x77,0x77,0x7e,0xee,0xee,0xee
	db 0xbe,0xee,0xe7,0x77,0x77,0x77,0x77,0x77,0x4e,0xee,0xee,0xee,0xee,0xee,0xe7,0x77,0x47,0x77,0x77,0x77,0x7e,0xee,0xee,0xee,0xbe,0xee,0xe7,0x77,0x77,0x77,0x77,0x77
	db 0x4e,0xee,0xee,0xee,0xee,0xee,0xe7,0x77,0x47,0x77,0x77,0x77,0x7e,0xee,0xee,0xee,0xbe,0xee,0xe7,0x77,0x77,0x77,0x77,0x77,0x4e,0xee,0xee,0xee,0xee,0xee,0xe7,0x77
	db 0x47,0x77,0x77,0x77,0x7e,0xee,0xee,0xee,0xbe,0xee,0xe7,0x77,0x77,0x77,0x77,0x77,0x4e,0xee,0xee,0xee,0xee,0xee,0xe7,0x77,0x47,0x77,0x77,0x77,0x7e,0xee,0xee,0xee
	db 0x47,0x77,0x77,0x77,0xee,0xee,0xee,0xee,0xbe,0xee,0x77,0x77,0x77,0x77,0x77,0x77,0xbe,0xee,0xee,0xee,0xee,0xee,0x77,0x77,0x47,0x77,0x77,0x77,0xee,0xee,0xee,0xee
	db 0xbe,0xee,0x77,0x77,0x77,0x77,0x77,0x77,0xbe,0xee,0xee,0xee,0xee,0xee,0x77,0x77,0x47,0x77,0x77,0x77,0xee,0xee,0xee,0xee,0xbe,0xee,0x77,0x77,0x77,0x77,0x77,0x77
	db 0xbe,0xee,0xee,0xee,0xee,0xee,0x77,0x77,0x47,0x77,0x77,0x77,0xee,0xee,0xee,0xee,0xbe,0xee,0x77,0x77,0x77,0x77,0x77,0x77,0xbe,0xee,0xee,0xee,0xee,0xee,0x77,0x77
	db 0x47,0x77,0x77,0x77,0xee,0xee,0xee,0xee,0xbe,0xee,0x77,0x77,0x77,0x77,0x77,0x77,0xbe,0xee,0xee,0xee,0xee,0xee,0x77,0x77,0x47,0x77,0x77,0x77,0xee,0xee,0xee,0xee
	db 0x47,0x77,0x77,0x7e,0xee,0xee,0xee,0xee,0xbe,0xe7,0x77,0x77,0x77,0x77,0x77,0x7e,0xbe,0xee,0xee,0xee,0xee,0xe7,0x77,0x77,0x47,0x77,0x77,0x7e,0xee,0xee,0xee,0xee
	db 0xbe,0xe7,0x77,0x77,0x77,0x77,0x77,0x7e,0xbe,0xee,0xee,0xee,0xee,0xe7,0x77,0x77,0x47,0x77,0x77,0x7e,0xee,0xee,0xee,0xee,0xbe,0xe7,0x77,0x77,0x77,0x77,0x77,0x7e
	db 0xbe,0xee,0xee,0xee,0xee,0xe7,0x77,0x77,0x47,0x77,0x77,0x7e,0xee,0xee,0xee,0xee,0xbe,0xe7,0x77,0x77,0x77,0x77,0x77,0x7e,0xbe,0xee,0xee,0xee,0xee,0xe7,0x77,0x77
	db 0x47,0x77,0x77,0x7e,0xee,0xee,0xee,0xee,0xbe,0xe7,0x77,0x77,0x77,0x77,0x77,0x7e,0xbe,0xee,0xee,0xee,0xee,0xe7,0x77,0x77,0x47,0x77,0x77,0x7e,0xee,0xee,0xee,0xee
	db 0x47,0x77,0x77,0xee,0xee,0xee,0xee,0xee,0xbe,0x77,0x77,0x77,0x77,0x77,0x77,0xee,0xbe,0xee,0xee,0xee,0xee,0x77,0x77,0x77,0x47,0x77,0x77,0xee,0xee,0xee,0xee,0xee
	db 0xbe,0x77,0x77,0x77,0x77,0x77,0x77,0xee,0xbe,0xee,0xee,0xee,0xee,0x77,0x77,0x77,0x47,0x77,0x77,0xee,0xee,0xee,0xee,0xee,0xbe,0x77,0x77,0x77,0x77,0x77,0x77,0xee
	db 0xbe,0xee,0xee,0xee,0xee,0x77,0x77,0x77,0x47,0x77,0x77,0xee,0xee,0xee,0xee,0xee,0xbe,0x77,0x77,0x77,0x77,0x77,0x77,0xee,0xbe,0xee,0xee,0xee,0xee,0x77,0x77,0x77
	db 0x47,0x77,0x77,0xee,0xee,0xee,0xee,0xee,0xbe,0x77,0x77,0x77,0x77,0x77,0x77,0xee,0xbe,0xee,0xee,0xee,0xee,0x77,0x77,0x77,0x47,0x77,0x77,0xee,0xee,0xee,0xee,0xee
	db 0x47,0x77,0x7e,0xe7,0x7e,0xee,0xee,0xee,0xb7,0x77,0x77,0x7e,0xe7,0x77,0x7e,0xee,0xbe,0xee,0xee,0xe7,0x77,0x77,0x77,0x77,0x47,0x77,0x7e,0xe7,0x7e,0xee,0xee,0xee
	db 0xb7,0x77,0x77,0x7e,0xe7,0x77,0x7e,0xee,0xbe,0xee,0xee,0xe7,0x77,0x77,0x77,0x77,0x47,0x77,0x7e,0xe7,0x7e,0xee,0xee,0xee,0xb7,0x77,0x77,0x7e,0xe7,0x77,0x7e,0xee
	db 0xbe,0xee,0xee,0xe7,0x77,0x77,0x77,0x77,0x47,0x77,0x7e,0xe7,0x7e,0xee,0xee,0xee,0xb7,0x77,0x77,0x7e,0xe7,0x77,0x7e,0xee,0xbe,0xee,0xee,0xe7,0x77,0x77,0x77,0x77
	db 0x47,0x77,0x7e,0xe7,0x7e,0xee,0xee,0xee,0xb7,0x77,0x77,0x7e,0xe7,0x77,0x7e,0xee,0xbe,0xee,0xee,0xe7,0x77,0x77,0x77,0x77,0x47,0x77,0x7e,0xe7,0x7e,0xee,0xee,0xee
	db 0x47,0x77,0xee,0xe7,0x7e,0xee,0xee,0xee,0x47,0x77,0x77,0x7e,0xe7,0x77,0xee,0xee,0xbe,0xee,0xee,0xe7,0xe7,0x77,0x77,0x77,0x47,0x77,0xee,0xe7,0x7e,0xee,0xee,0xee
	db 0x47,0x77,0x77,0x7e,0xe7,0x77,0xee,0xee,0xbe,0xee,0xee,0xe7,0xe7,0x77,0x77,0x77,0x47,0x77,0xee,0xe7,0x7e,0xee,0xee,0xee,0x47,0x77,0x77,0x7e,0xe7,0x77,0xee,0xee
	db 0xbe,0xee,0xee,0xe7,0xe7,0x77,0x77,0x77,0x47,0x77,0xee,0xe7,0x7e,0xee,0xee,0xee,0x47,0x77,0x77,0x7e,0xe7,0x77,0xee,0xee,0xbe,0xee,0xee,0xe7,0xe7,0x77,0x77,0x77
	db 0x47,0x77,0xee,0xe7,0x7e,0xee,0xee,0xee,0x47,0x77,0x77,0x7e,0xe7,0x77,0xee,0xee,0xbe,0xee,0xee,0xe7,0xe7,0x77,0x77,0x77,0x47,0x77,0xee,0xe7,0x7e,0xee,0xee,0xee
	db 0x47,0x7e,0xee,0xee,0xee,0xee,0xee,0xe7,0x47,0x77,0x77,0x77,0x77,0x7e,0xee,0xee,0xbe,0xee,0xee,0xe7,0x77,0x77,0x77,0x77,0x47,0x7e,0xee,0xee,0xee,0xee,0xee,0xe7
	db 0x47,0x77,0x77,0x77,0x77,0x7e,0xee,0xee,0xbe,0xee,0xee,0xe7,0x77,0x77,0x77,0x77,0x47,0x7e,0xee,0xee,0xee,0xee,0xee,0xe7,0x47,0x77,0x77,0x77,0x77,0x7e,0xee,0xee
	db 0xbe,0xee,0xee,0xe7,0x77,0x77,0x77,0x77,0x47,0x7e,0xee,0xee,0xee,0xee,0xee,0xe7,0x47,0x77,0x77,0x77,0x77,0x7e,0xee,0xee,0xbe,0xee,0xee,0xe7,0x77,0x77,0x77,0x77
	db 0x47,0x7e,0xee,0xee,0xee,0xee,0xee,0xe7,0x47,0x77,0x77,0x77,0x77,0x7e,0xee,0xee,0xbe,0xee,0xee,0xe7,0x77,0x77,0x77,0x77,0x47,0x7e,0xee,0xee,0xee,0xee,0xee,0xe7
	db 0x47,0xee,0xee,0xee,0xee,0xee,0xee,0x77,0x47,0x77,0x77,0x77,0x77,0xee,0xee,0xee,0xbe,0xee,0xee,0x77,0x77,0x77,0x77,0x77,0x47,0xee,0xee,0xee,0xee,0xee,0xee,0x77
	db 0x47,0x77,0x77,0x77,0x77,0xee,0xee,0xee,0xbe,0xee,0xee,0x77,0x77,0x77,0x77,0x77,0x47,0xee,0xee,0xee,0xee,0xee,0xee,0x77,0x47,0x77,0x77,0x77,0x77,0xee,0xee,0xee
	db 0xbe,0xee,0xee,0x77,0x77,0x77,0x77,0x77,0x47,0xee,0xee,0xee,0xee,0xee,0xee,0x77,0x47,0x77,0x77,0x77,0x77,0xee,0xee,0xee,0xbe,0xee,0xee,0x77,0x77,0x77,0x77,0x77
	db 0x47,0xee,0xee,0xee,0xee,0xee,0xee,0x77,0x47,0x77,0x77,0x77,0x77,0xee,0xee,0xee,0xbe,0xee,0xee,0x77,0x77,0x77,0x77,0x77,0x47,0xee,0xee,0xee,0xee,0xee,0xee,0x77
	db 0x4e,0xee,0xee,0xee,0xee,0xee,0xe7,0x77,0x47,0x77,0x77,0x77,0x7e,0xee,0xee,0xee,0xbe,0xee,0xe7,0x77,0x77,0x77,0x77,0x77,0x4e,0xee,0xee,0xee,0xee,0xee,0xe7,0x77
	db 0x47,0x77,0x77,0x77,0x7e,0xee,0xee,0xee,0xbe,0xee,0xe7,0x77,0x77,0x77,0x77,0x77,0x4e,0xee,0xee,0xee,0xee,0xee,0xe7,0x77,0x47,0x77,0x77,0x77,0x7e,0xee,0xee,0xee
	db 0xbe,0xee,0xe7,0x77,0x77,0x77,0x77,0x77,0x4e,0xee,0xee,0xee,0xee,0xee,0xe7,0x77,0x47,0x77,0x77,0x77,0x7e,0xee,0xee,0xee,0xbe,0xee,0xe7,0x77,0x77,0x77,0x77,0x77
	db 0x4e,0xee,0xee,0xee,0xee,0xee,0xe7,0x77,0x47,0x77,0x77,0x77,0x7e,0xee,0xee,0xee,0xbe,0xee,0xe7,0x77,0x77,0x77,0x77,0x77,0x4e,0xee,0xee,0xee,0xee,0xee,0xe7,0x77
	db 0xbe,0xee,0xee,0xee,0xee,0xee,0x77,0x77,0x47,0x77,0x77,0x77,0xee,0xee,0xee,0xee,0xbe,0xee,0x77,0x77,0x77,0x77,0x77,0x77,0xbe,0xee,0xee,0xee,0xee,0xee,0x77,0x77
	db 0x47,0x77,0x77,0x77,0xee,0xee,0xee,0xee,0xbe,0xee,0x77,0x77,0x77,0x77,0x77,0x77,0xbe,0xee,0xee,0xee,0xee,0xee,0x77,0x77,0x47,0x77,0x77,0x77,0xee,0xee,0xee,0xee
	db 0xbe,0xee,0x77,0x77,0x77,0x77,0x77,0x77,0xbe,0xee,0xee,0xee,0xee,0xee,0x77,0x77,0x47,0x77,0x77,0x77,0xee,0xee,0xee,0xee,0xbe,0xee,0x77,0x77,0x77,0x77,0x77,0x77
	db 0xbe,0xee,0xee,0xee,0xee,0xee,0x77,0x77,0x47,0x77,0x77,0x77,0xee,0xee,0xee,0xee,0xbe,0xee,0x77,0x77,0x77,0x77,0x77,0x77,0xbe,0xee,0xee,0xee,0xee,0xee,0x77,0x77
	db 0xbe,0xee,0xee,0xee,0xee,0xe7,0x77,0x77,0x47,0x77,0x77,0x7e,0xee,0xee,0xee,0xee,0xbe,0xe7,0x77,0x77,0x77,0x77,0x77,0x7e,0xbe,0xee,0xee,0xee,0xee,0xe7,0x77,0x77
	db 0x47,0x77,0x77,0x7e,0xee,0xee,0xee,0xee,0xbe,0xe7,0x77,0x77,0x77,0x77,0x77,0x7e,0xbe,0xee,0xee,0xee,0xee,0xe7,0x77,0x77,0x47,0x77,0x77,0x7e,0xee,0xee,0xee,0xee
	db 0xbe,0xe7,0x77,0x77,0x77,0x77,0x77,0x7e,0xbe,0xee,0xee,0xee,0xee,0xe7,0x77,0x77,0x47,0x77,0x77,0x7e,0xee,0xee,0xee,0xee,0xbe,0xe7,0x77,0x77,0x77,0x77,0x77,0x7e
	db 0xbe,0xee,0xee,0xee,0xee,0xe7,0x77,0x77,0x47,0x77,0x77,0x7e,0xee,0xee,0xee,0xee,0xbe,0xe7,0x77,0x77,0x77,0x77,0x77,0x7e,0xbe,0xee,0xee,0xee,0xee,0xe7,0x77,0x77
	db 0xbe,0xee,0xee,0xee,0xee,0x77,0x77,0x77,0x47,0x77,0x77,0xee,0xee,0xee,0xee,0xee,0xbe,0x77,0x77,0x77,0x77,0x77,0x77,0xee,0xbe,0xee,0xee,0xee,0xee,0x77,0x77,0x77
	db 0x47,0x77,0x77,0xee,0xee,0xee,0xee,0xee,0xbe,0x77,0x77,0x77,0x77,0x77,0x77,0xee,0xbe,0xee,0xee,0xee,0xee,0x77,0x77,0x77,0x47,0x77,0x77,0xee,0xee,0xee,0xee,0xee
	db 0xbe,0x77,0x77,0x77,0x77,0x77,0x77,0xee,0xbe,0xee,0xee,0xee,0xee,0x77,0x77,0x77,0x47,0x77,0x77,0xee,0xee,0xee,0xee,0xee,0xbe,0x77,0x77,0x77,0x77,0x77,0x77,0xee
	db 0xbe,0xee,0xee,0xee,0xee,0x77,0x77,0x77,0x47,0x77,0x77,0xee,0xee,0xee,0xee,0xee,0xbe,0x77,0x77,0x77,0x77,0x77,0x77,0xee,0xbe,0xee,0xee,0xee,0xee,0x77,0x77,0x77
	db 0xbe,0xee,0xee,0xee,0xe7,0x77,0x77,0x77,0x47,0x77,0x7e,0xee,0xee,0xee,0xee,0xee,0xb7,0x77,0x77,0x77,0x77,0x77,0x7e,0xee,0xbe,0xee,0xee,0xee,0xe7,0x77,0x77,0x77
	db 0x47,0x77,0x7e,0xee,0xee,0xee,0xee,0xee,0xb7,0x77,0x77,0x77,0x77,0x77,0x7e,0xee,0xbe,0xee,0xee,0xee,0xe7,0x77,0x77,0x77,0x47,0x77,0x7e,0xee,0xee,0xee,0xee,0xee
	db 0xb7,0x77,0x77,0x77,0x77,0x77,0x7e,0xee,0xbe,0xee,0xee,0xee,0xe7,0x77,0x77,0x77,0x47,0x77,0x7e,0xee,0xee,0xee,0xee,0xee,0xb7,0x77,0x77,0x77,0x77,0x77,0x7e,0xee
	db 0xbe,0xee,0xee,0xee,0xe7,0x77,0x77,0x77,0x47,0x77,0x7e,0xee,0xee,0xee,0xee,0xee,0xb7,0x77,0x77,0x77,0x77,0x77,0x7e,0xee,0xbe,0xee,0xee,0xee,0xe7,0x77,0x77,0x77
	db 0xbb,0xbb,0xbb,0xbb,0x44,0x44,0x44,0x44,0x44,0x44,0xbb,0xbb,0xbb,0xbb,0xbb,0xbb,0x44,0x44,0x44,0x44,0x44,0x44,0xbb,0xbb,0xbb,0xbb,0xbb,0xbb,0x44,0x44,0x44,0x44
	db 0x44,0x44,0xbb,0xbb,0xbb,0xbb,0xbb,0xbb,0x44,0x44,0x44,0x44,0x44,0x44,0xbb,0xbb,0xbb,0xbb,0xbb,0xbb,0x44,0x44,0x44,0x44,0x44,0x44,0xbb,0xbb,0xbb,0xbb,0xbb,0xbb
	db 0x44,0x44,0x44,0x44,0x44,0x44,0xbb,0xbb,0xbb,0xbb,0xbb,0xbb,0x44,0x44,0x44,0x44,0x44,0x44,0xbb,0xbb,0xbb,0xbb,0xbb,0xbb,0x44,0x44,0x44,0x44,0x44,0x44,0xbb,0xbb
	db 0xbb,0xbb,0xbb,0xbb,0x44,0x44,0x44,0x44,0x44,0x44,0xbb,0xbb,0xbb,0xbb,0xbb,0xbb,0x44,0x44,0x44,0x44,0x44,0x44,0xbb,0xbb,0xbb,0xbb,0xbb,0xbb,0x44,0x44,0x44,0x44
	db 0xbe,0xee,0xee,0xe7,0x77,0x77,0x77,0x77,0x47,0x7e,0xee,0xee,0xee,0xee,0xee,0xe7,0x47,0x77,0x77,0x77,0x77,0x7e,0xee,0xee,0xbe,0xee,0xee,0xe7,0x77,0x77,0x77,0x77
	db 0x47,0x7e,0xee,0xee,0xee,0xee,0xee,0xe7,0x47,0x77,0x77,0x77,0x77,0x7e,0xee,0xee,0xbe,0xee,0xee,0xe7,0x77,0x77,0x77,0x77,0x47,0x7e,0xee,0xee,0xee,0xee,0xee,0xe7
	db 0x47,0x77,0x77,0x77,0x77,0x7e,0xee,0xee,0xbe,0xee,0xee,0xe7,0x77,0x77,0x77,0x77,0x47,0x7e,0xee,0xee,0xee,0xee,0xee,0xe7,0x47,0x77,0x77,0x77,0x77,0x7e,0xee,0xee
	db 0xbe,0xee,0xee,0xe7,0x77,0x77,0x77,0x77,0x47,0x7e,0xee,0xee,0xee,0xee,0xee,0xe7,0x47,0x77,0x77,0x77,0x77,0x7e,0xee,0xee,0xbe,0xee,0xee,0xe7,0x77,0x77,0x77,0x77
	db 0xbe,0xee,0xee,0x77,0x77,0x77,0x77,0x77,0x47,0xee,0xee,0xee,0xee,0xee,0xee,0x77,0x47,0x77,0x77,0x77,0x77,0xee,0xee,0xee,0xbe,0xee,0xee,0x77,0x77,0x77,0x77,0x77
	db 0x47,0xee,0xee,0xee,0xee,0xee,0xee,0x77,0x47,0x77,0x77,0x77,0x77,0xee,0xee,0xee,0xbe,0xee,0xee,0x77,0x77,0x77,0x77,0x77,0x47,0xee,0xee,0xee,0xee,0xee,0xee,0x77
	db 0x47,0x77,0x77,0x77,0x77,0xee,0xee,0xee,0xbe,0xee,0xee,0x77,0x77,0x77,0x77,0x77,0x47,0xee,0xee,0xee,0xee,0xee,0xee,0x77,0x47,0x77,0x77,0x77,0x77,0xee,0xee,0xee
	db 0xbe,0xee,0xee,0x77,0x77,0x77,0x77,0x77,0x47,0xee,0xee,0xee,0xee,0xee,0xee,0x77,0x47,0x77,0x77,0x77,0x77,0xee,0xee,0xee,0xbe,0xee,0xee,0x77,0x77,0x77,0x77,0x77
	db 0xbe,0xee,0xe7,0x77,0x77,0x77,0x77,0x77,0x4e,0xee,0xee,0xee,0xee,0xee,0xe7,0x77,0x47,0x77,0x77,0x77,0x7e,0xee,0xee,0xee,0xbe,0xee,0xe7,0x77,0x77,0x77,0x77,0x77
	db 0x4e,0xee,0xee,0xee,0xee,0xee,0xe7,0x77,0x47,0x77,0x77,0x77,0x7e,0xee,0xee,0xee,0xbe,0xee,0xe7,0x77,0x77,0x77,0x77,0x77,0x4e,0xee,0xee,0xee,0xee,0xee,0xe7,0x77
	db 0x47,0x77,0x77,0x77,0x7e,0xee,0xee,0xee,0xbe,0xee,0xe7,0x77,0x77,0x77,0x77,0x77,0x4e,0xee,0xee,0xee,0xee,0xee,0xe7,0x77,0x47,0x77,0x77,0x77,0x7e,0xee,0xee,0xee
	db 0xbe,0xee,0xe7,0x77,0x77,0x77,0x77,0x77,0x4e,0xee,0xee,0xee,0xee,0xee,0xe7,0x77,0x47,0x77,0x77,0x77,0x7e,0xee,0xee,0xee,0xbe,0xee,0xe7,0x77,0x77,0x77,0x77,0x77
	db 0xbe,0xee,0x77,0x77,0x77,0x77,0x77,0x77,0xbe,0xee,0xee,0xee,0xee,0xee,0x77,0x77,0x47,0x77,0x77,0x77,0xee,0xee,0xee,0xee,0xbe,0xee,0x77,0x77,0x77,0x77,0x77,0x77
	db 0xbe,0xee,0xee,0xee,0xee,0xee,0x77,0x77,0x47,0x77,0x77,0x77,0xee,0xee,0xee,0xee,0xbe,0xee,0x77,0x77,0x77,0x77,0x77,0x77,0xbe,0xee,0xee,0xee,0xee,0xee,0x77,0x77
	db 0x47,0x77,0x77,0x77,0xee,0xee,0xee,0xee,0xbe,0xee,0x77,0x77,0x77,0x77,0x77,0x77,0xbe,0xee,0xee,0xee,0xee,0xee,0x77,0x77,0x47,0x77,0x77,0x77,0xee,0xee,0xee,0xee
	db 0xbe,0xee,0x77,0x77,0x77,0x77,0x77,0x77,0xbe,0xee,0xee,0xee,0xee,0xee,0x77,0x77,0x47,0x77,0x77,0x77,0xee,0xee,0xee,0xee,0xbe,0xee,0x77,0x77,0x77,0x77,0x77,0x77
	db 0xbe,0xe7,0x77,0x77,0x77,0x77,0x77,0x7e,0xbe,0xee,0xee,0xee,0xee,0xe7,0x77,0x77,0x47,0x77,0x77,0x7e,0xee,0xee,0xee,0xee,0xbe,0xe7,0x77,0x77,0x77,0x77,0x77,0x7e
	db 0xbe,0xee,0xee,0xee,0xee,0xe7,0x77,0x77,0x47,0x77,0x77,0x7e,0xee,0xee,0xee,0xee,0xbe,0xe7,0x77,0x77,0x77,0x77,0x77,0x7e,0xbe,0xee,0xee,0xee,0xee,0xe7,0x77,0x77
	db 0x47,0x77,0x77,0x7e,0xee,0xee,0xee,0xee,0xbe,0xe7,0x77,0x77,0x77,0x77,0x77,0x7e,0xbe,0xee,0xee,0xee,0xee,0xe7,0x77,0x77,0x47,0x77,0x77,0x7e,0xee,0xee,0xee,0xee
	db 0xbe,0xe7,0x77,0x77,0x77,0x77,0x77,0x7e,0xbe,0xee,0xee,0xee,0xee,0xe7,0x77,0x77,0x47,0x77,0x77,0x7e,0xee,0xee,0xee,0xee,0xbe,0xe7,0x77,0x77,0x77,0x77,0x77,0x7e
	db 0xbe,0x77,0x77,0x77,0x77,0x77,0x77,0xee,0xbe,0xee,0xee,0xee,0xee,0x77,0x77,0x77,0x47,0x77,0x77,0xee,0xee,0xee,0xee,0xee,0xbe,0x77,0x77,0x77,0x77,0x77,0x77,0xee
	db 0xbe,0xee,0xee,0xee,0xee,0x77,0x77,0x77,0x47,0x77,0x77,0xee,0xee,0xee,0xee,0xee,0xbe,0x77,0x77,0x77,0x77,0x77,0x77,0xee,0xbe,0xee,0xee,0xee,0xee,0x77,0x77,0x77
	db 0x47,0x77,0x77,0xee,0xee,0xee,0xee,0xee,0xbe,0x77,0x77,0x77,0x77,0x77,0x77,0xee,0xbe,0xee,0xee,0xee,0xee,0x77,0x77,0x77,0x47,0x77,0x77,0xee,0xee,0xee,0xee,0xee
	db 0xbe,0x77,0x77,0x77,0x77,0x77,0x77,0xee,0xbe,0xee,0xee,0xee,0xee,0x77,0x77,0x77,0x47,0x77,0x77,0xee,0xee,0xee,0xee,0xee,0xbe,0x77,0x77,0x77,0x77,0x77,0x77,0xee
	db 0xb7,0x77,0x77,0x7e,0xe7,0x77,0x7e,0xee,0xbe,0xee,0xee,0xe7,0x77,0x77,0x77,0x77,0x47,0x77,0x7e,0xe7,0x7e,0xee,0xee,0xee,0xb7,0x77,0x77,0x7e,0xe7,0x77,0x7e,0xee
	db 0xbe,0xee,0xee,0xe7,0x77,0x77,0x77,0x77,0x47,0x77,0x7e,0xe7,0x7e,0xee,0xee,0xee,0xb7,0x77,0x77,0x7e,0xe7,0x77,0x7e,0xee,0xbe,0xee,0xee,0xe7,0x77,0x77,0x77,0x77
	db 0x47,0x77,0x7e,0xe7,0x7e,0xee,0xee,0xee,0xb7,0x77,0x77,0x7e,0xe7,0x77,0x7e,0xee,0xbe,0xee,0xee,0xe7,0x77,0x77,0x77,0x77,0x47,0x77,0x7e,0xe7,0x7e,0xee,0xee,0xee
	db 0xb7,0x77,0x77,0x7e,0xe7,0x77,0x7e,0xee,0xbe,0xee,0xee,0xe7,0x77,0x77,0x77,0x77,0x47,0x77,0x7e,0xe7,0x7e,0xee,0xee,0xee,0xb7,0x77,0x77,0x7e,0xe7,0x77,0x7e,0xee
	db 0x47,0x77,0x77,0x7e,0xe7,0x77,0xee,0xee,0xbe,0xee,0xee,0xe7,0xe7,0x77,0x77,0x77,0x47,0x77,0xee,0xe7,0x7e,0xee,0xee,0xee,0x47,0x77,0x77,0x7e,0xe7,0x77,0xee,0xee
	db 0xbe,0xee,0xee,0xe7,0xe7,0x77,0x77,0x77,0x47,0x77,0xee,0xe7,0x7e,0xee,0xee,0xee,0x47,0x77,0x77,0x7e,0xe7,0x77,0xee,0xee,0xbe,0xee,0xee,0xe7,0xe7,0x77,0x77,0x77
	db 0x47,0x77,0xee,0xe7,0x7e,0xee,0xee,0xee,0x47,0x77,0x77,0x7e,0xe7,0x77,0xee,0xee,0xbe,0xee,0xee,0xe7,0xe7,0x77,0x77,0x77,0x47,0x77,0xee,0xe7,0x7e,0xee,0xee,0xee
	db 0x47,0x77,0x77,0x7e,0xe7,0x77,0xee,0xee,0xbe,0xee,0xee,0xe7,0xe7,0x77,0x77,0x77,0x47,0x77,0xee,0xe7,0x7e,0xee,0xee,0xee,0x47,0x77,0x77,0x7e,0xe7,0x77,0xee,0xee
	db 0x47,0x77,0x77,0x77,0x77,0x7e,0xee,0xee,0xbe,0xee,0xee,0xe7,0x77,0x77,0x77,0x77,0x47,0x7e,0xee,0xee,0xee,0xee,0xee,0xe7,0x47,0x77,0x77,0x77,0x77,0x7e,0xee,0xee
	db 0xbe,0xee,0xee,0xe7,0x77,0x77,0x77,0x77,0x47,0x7e,0xee,0xee,0xee,0xee,0xee,0xe7,0x47,0x77,0x77,0x77,0x77,0x7e,0xee,0xee,0xbe,0xee,0xee,0xe7,0x77,0x77,0x77,0x77
	db 0x47,0x7e,0xee,0xee,0xee,0xee,0xee,0xe7,0x47,0x77,0x77,0x77,0x77,0x7e,0xee,0xee,0xbe,0xee,0xee,0xe7,0x77,0x77,0x77,0x77,0x47,0x7e,0xee,0xee,0xee,0xee,0xee,0xe7
	db 0x47,0x77,0x77,0x77,0x77,0x7e,0xee,0xee,0xbe,0xee,0xee,0xe7,0x77,0x77,0x77,0x77,0x47,0x7e,0xee,0xee,0xee,0xee,0xee,0xe7,0x47,0x77,0x77,0x77,0x77,0x7e,0xee,0xee
	db 0x47,0x77,0x77,0x77,0x77,0xee,0xee,0xee,0xbe,0xee,0xee,0x77,0x77,0x77,0x77,0x77,0x47,0xee,0xee,0xee,0xee,0xee,0xee,0x77,0x47,0x77,0x77,0x77,0x77,0xee,0xee,0xee
	db 0xbe,0xee,0xee,0x77,0x77,0x77,0x77,0x77,0x47,0xee,0xee,0xee,0xee,0xee,0xee,0x77,0x47,0x77,0x77,0x77,0x77,0xee,0xee,0xee,0xbe,0xee,0xee,0x77,0x77,0x77,0x77,0x77
	db 0x47,0xee,0xee,0xee,0xee,0xee,0xee,0x77,0x47,0x77,0x77,0x77,0x77,0xee,0xee,0xee,0xbe,0xee,0xee,0x77,0x77,0x77,0x77,0x77,0x47,0xee,0xee,0xee,0xee,0xee,0xee,0x77
	db 0x47,0x77,0x77,0x77,0x77,0xee,0xee,0xee,0xbe,0xee,0xee,0x77,0x77,0x77,0x77,0x77,0x47,0xee,0xee,0xee,0xee,0xee,0xee,0x77,0x47,0x77,0x77,0x77,0x77,0xee,0xee,0xee
	db 0x47,0x77,0x77,0x77,0x7e,0xee,0xee,0xee,0xbe,0xee,0xe7,0x77,0x77,0x77,0x77,0x77,0x4e,0xee,0xee,0xee,0xee,0xee,0xe7,0x77,0x47,0x77,0x77,0x77,0x7e,0xee,0xee,0xee
	db 0xbe,0xee,0xe7,0x77,0x77,0x77,0x77,0x77,0x4e,0xee,0xee,0xee,0xee,0xee,0xe7,0x77,0x47,0x77,0x77,0x77,0x7e,0xee,0xee,0xee,0xbe,0xee,0xe7,0x77,0x77,0x77,0x77,0x77
	db 0x4e,0xee,0xee,0xee,0xee,0xee,0xe7,0x77,0x47,0x77,0x77,0x77,0x7e,0xee,0xee,0xee,0xbe,0xee,0xe7,0x77,0x77,0x77,0x77,0x77,0x4e,0xee,0xee,0xee,0xee,0xee,0xe7,0x77
	db 0x47,0x77,0x77,0x77,0x7e,0xee,0xee,0xee,0xbe,0xee,0xe7,0x77,0x77,0x77,0x77,0x77,0x4e,0xee,0xee,0xee,0xee,0xee,0xe7,0x77,0x47,0x77,0x77,0x77,0x7e,0xee,0xee,0xee
	db 0x47,0x77,0x77,0x77,0xee,0xee,0xee,0xee,0xbe,0xee,0x77,0x77,0x77,0x77,0x77,0x77,0xbe,0xee,0xee,0xee,0xee,0xee,0x77,0x77,0x47,0x77,0x77,0x77,0xee,0xee,0xee,0xee
	db 0xbe,0xee,0x77,0x77,0x77,0x77,0x77,0x77,0xbe,0xee,0xee,0xee,0xee,0xee,0x77,0x77,0x47,0x77,0x77,0x77,0xee,0xee,0xee,0xee,0xbe,0xee,0x77,0x77,0x77,0x77,0x77,0x77
	db 0xbe,0xee,0xee,0xee,0xee,0xee,0x77,0x77,0x47,0x77,0x77,0x77,0xee,0xee,0xee,0xee,0xbe,0xee,0x77,0x77,0x77,0x77,0x77,0x77,0xbe,0xee,0xee,0xee,0xee,0xee,0x77,0x77
	db 0x47,0x77,0x77,0x77,0xee,0xee,0xee,0xee,0xbe,0xee,0x77,0x77,0x77,0x77,0x77,0x77,0xbe,0xee,0xee,0xee,0xee,0xee,0x77,0x77,0x47,0x77,0x77,0x77,0xee,0xee,0xee,0xee
	db 0x47,0x77,0x77,0x7e,0xee,0xee,0xee,0xee,0xbe,0xe7,0x77,0x77,0x77,0x77,0x77,0x7e,0xbe,0xee,0xee,0xee,0xee,0xe7,0x77,0x77,0x47,0x77,0x77,0x7e,0xee,0xee,0xee,0xee
	db 0xbe,0xe7,0x77,0x77,0x77,0x77,0x77,0x7e,0xbe,0xee,0xee,0xee,0xee,0xe7,0x77,0x77,0x47,0x77,0x77,0x7e,0xee,0xee,0xee,0xee,0xbe,0xe7,0x77,0x77,0x77,0x77,0x77,0x7e
	db 0xbe,0xee,0xee,0xee,0xee,0xe7,0x77,0x77,0x47,0x77,0x77,0x7e,0xee,0xee,0xee,0xee,0xbe,0xe7,0x77,0x77,0x77,0x77,0x77,0x7e,0xbe,0xee,0xee,0xee,0xee,0xe7,0x77,0x77
	db 0x47,0x77,0x77,0x7e,0xee,0xee,0xee,0xee,0xbe,0xe7,0x77,0x77,0x77,0x77,0x77,0x7e,0xbe,0xee,0xee,0xee,0xee,0xe7,0x77,0x77,0x47,0x77,0x77,0x7e,0xee,0xee,0xee,0xee
	db 0x47,0x77,0x77,0xee,0xee,0xee,0xee,0xee,0xbe,0x77,0x77,0x77,0x77,0x77,0x77,0xee,0xbe,0xee,0xee,0xee,0xee,0x77,0x77,0x77,0x47,0x77,0x77,0xee,0xee,0xee,0xee,0xee
	db 0xbe,0x77,0x77,0x77,0x77,0x77,0x77,0xee,0xbe,0xee,0xee,0xee,0xee,0x77,0x77,0x77,0x47,0x77,0x77,0xee,0xee,0xee,0xee,0xee,0xbe,0x77,0x77,0x77,0x77,0x77,0x77,0xee
	db 0xbe,0xee,0xee,0xee,0xee,0x77,0x77,0x77,0x47,0x77,0x77,0xee,0xee,0xee,0xee,0xee,0xbe,0x77,0x77,0x77,0x77,0x77,0x77,0xee,0xbe,0xee,0xee,0xee,0xee,0x77,0x77,0x77
	db 0x47,0x77,0x77,0xee,0xee,0xee,0xee,0xee,0xbe,0x77,0x77,0x77,0x77,0x77,0x77,0xee,0xbe,0xee,0xee,0xee,0xee,0x77,0x77,0x77,0x47,0x77,0x77,0xee,0xee,0xee,0xee,0xee
	db 0x47,0x77,0x7e,0xee,0xee,0xee,0xee,0xee,0xb7,0x77,0x77,0x77,0x77,0x77,0x7e,0xee,0xbe,0xee,0xee,0xee,0xe7,0x77,0x77,0x77,0x47,0x77,0x7e,0xee,0xee,0xee,0xee,0xee
	db 0xb7,0x77,0x77,0x77,0x77,0x77,0x7e,0xee,0xbe,0xee,0xee,0xee,0xe7,0x77,0x77,0x77,0x47,0x77,0x7e,0xee,0xee,0xee,0xee,0xee,0xb7,0x77,0x77,0x77,0x77,0x77,0x7e,0xee
	db 0xbe,0xee,0xee,0xee,0xe7,0x77,0x77,0x77,0x47,0x77,0x7e,0xee,0xee,0xee,0xee,0xee,0xb7,0x77,0x77,0x77,0x77,0x77,0x7e,0xee,0xbe,0xee,0xee,0xee,0xe7,0x77,0x77,0x77
	db 0x47,0x77,0x7e,0xee,0xee,0xee,0xee,0xee,0xb7,0x77,0x77,0x77,0x77,0x77,0x7e,0xee,0xbe,0xee,0xee,0xee,0xe7,0x77,0x77,0x77,0x47,0x77,0x7e,0xee,0xee,0xee,0xee,0xee
